-- MySQL dump 10.13  Distrib 8.0.43, for Win64 (x86_64)
--
-- Host: localhost    Database: medicine_db
-- ------------------------------------------------------
-- Server version	8.0.43

/*!40101 SET @OLD_CHARACTER_SET_CLIENT=@@CHARACTER_SET_CLIENT */;
/*!40101 SET @OLD_CHARACTER_SET_RESULTS=@@CHARACTER_SET_RESULTS */;
/*!40101 SET @OLD_COLLATION_CONNECTION=@@COLLATION_CONNECTION */;
/*!50503 SET NAMES utf8mb4 */;
/*!40103 SET @OLD_TIME_ZONE=@@TIME_ZONE */;
/*!40103 SET TIME_ZONE='+00:00' */;
/*!40014 SET @OLD_UNIQUE_CHECKS=@@UNIQUE_CHECKS, UNIQUE_CHECKS=0 */;
/*!40014 SET @OLD_FOREIGN_KEY_CHECKS=@@FOREIGN_KEY_CHECKS, FOREIGN_KEY_CHECKS=0 */;
/*!40101 SET @OLD_SQL_MODE=@@SQL_MODE, SQL_MODE='NO_AUTO_VALUE_ON_ZERO' */;
/*!40111 SET @OLD_SQL_NOTES=@@SQL_NOTES, SQL_NOTES=0 */;

--
-- Table structure for table `batch`
--

DROP TABLE IF EXISTS `batch`;
/*!40101 SET @saved_cs_client     = @@character_set_client */;
/*!50503 SET character_set_client = utf8mb4 */;
CREATE TABLE `batch` (
  `batch_id` int NOT NULL AUTO_INCREMENT,
  `medicine_type` enum('brand','generic') DEFAULT NULL,
  `medicine_id` int DEFAULT NULL,
  `manufacture_date` date DEFAULT NULL,
  `expiry_date` date DEFAULT NULL,
  `batch_no` varchar(60) DEFAULT NULL,
  PRIMARY KEY (`batch_id`),
  KEY `idx_batch_medicine` (`medicine_type`,`medicine_id`)
) ENGINE=InnoDB AUTO_INCREMENT=801 DEFAULT CHARSET=utf8mb4 COLLATE=utf8mb4_0900_ai_ci;
/*!40101 SET character_set_client = @saved_cs_client */;

--
-- Dumping data for table `batch`
--

LOCK TABLES `batch` WRITE;
/*!40000 ALTER TABLE `batch` DISABLE KEYS */;
INSERT INTO `batch` VALUES (1,'brand',33,'2025-01-15','2025-09-20','BATCH100001'),(2,'brand',200,'2025-08-09','2027-11-27','BATCH100002'),(3,'generic',93,'2024-09-17','2026-04-12','BATCH100003'),(4,'brand',155,'2024-01-07','2024-12-09','BATCH100004'),(5,'generic',95,'2023-08-09','2025-02-19','BATCH100005'),(6,'generic',20,'2025-04-28','2027-06-04','BATCH100006'),(7,'brand',136,'2024-09-08','2026-03-17','BATCH100007'),(8,'generic',81,'2025-07-14','2027-11-06','BATCH100008'),(9,'generic',64,'2024-12-03','2028-02-09','BATCH100009'),(10,'brand',7,'2023-03-22','2025-10-10','BATCH100010'),(11,'brand',128,'2024-10-31','2026-10-11','BATCH100011'),(12,'generic',144,'2024-04-24','2025-02-18','BATCH100012'),(13,'generic',67,'2024-07-27','2027-01-13','BATCH100013'),(14,'generic',55,'2024-04-01','2027-07-15','BATCH100014'),(15,'generic',178,'2024-03-13','2027-04-05','BATCH100015'),(16,'generic',52,'2025-09-07','2026-07-09','BATCH100016'),(17,'brand',219,'2023-04-12','2023-12-23','BATCH100017'),(18,'generic',45,'2023-07-08','2026-07-12','BATCH100018'),(19,'generic',23,'2024-03-27','2026-12-31','BATCH100019'),(20,'generic',171,'2024-08-01','2026-01-18','BATCH100020'),(21,'brand',141,'2025-10-13','2027-10-18','BATCH100021'),(22,'generic',77,'2024-12-09','2027-10-26','BATCH100022'),(23,'brand',183,'2024-01-22','2026-07-16','BATCH100023'),(24,'brand',204,'2025-08-26','2027-02-27','BATCH100024'),(25,'brand',32,'2024-07-15','2027-10-16','BATCH100025'),(26,'brand',203,'2025-03-04','2026-01-20','BATCH100026'),(27,'brand',203,'2022-12-28','2024-11-12','BATCH100027'),(28,'brand',93,'2024-10-07','2026-10-24','BATCH100028'),(29,'generic',120,'2023-03-17','2025-12-13','BATCH100029'),(30,'brand',157,'2024-03-03','2027-02-21','BATCH100030'),(31,'brand',17,'2023-11-28','2025-04-07','BATCH100031'),(32,'generic',123,'2024-03-17','2026-03-05','BATCH100032'),(33,'generic',105,'2023-04-30','2026-02-16','BATCH100033'),(34,'brand',33,'2024-07-20','2027-10-08','BATCH100034'),(35,'generic',165,'2025-01-08','2025-09-20','BATCH100035'),(36,'generic',120,'2022-11-02','2025-03-27','BATCH100036'),(37,'generic',33,'2025-08-18','2028-08-01','BATCH100037'),(38,'brand',197,'2025-02-20','2028-05-04','BATCH100038'),(39,'brand',111,'2024-10-18','2026-09-12','BATCH100039'),(40,'brand',213,'2024-08-03','2025-06-06','BATCH100040'),(41,'brand',78,'2023-01-24','2024-01-07','BATCH100041'),(42,'brand',83,'2023-08-19','2026-09-29','BATCH100042'),(43,'brand',89,'2025-01-14','2028-03-09','BATCH100043'),(44,'generic',21,'2024-05-16','2025-07-26','BATCH100044'),(45,'brand',163,'2025-06-25','2028-08-27','BATCH100045'),(46,'generic',33,'2024-12-14','2027-03-14','BATCH100046'),(47,'generic',158,'2025-06-29','2027-06-25','BATCH100047'),(48,'brand',129,'2024-09-17','2027-01-01','BATCH100048'),(49,'brand',152,'2023-01-20','2026-03-09','BATCH100049'),(50,'brand',44,'2023-09-13','2026-01-14','BATCH100050'),(51,'generic',145,'2023-12-20','2024-07-29','BATCH100051'),(52,'brand',21,'2025-03-03','2025-10-15','BATCH100052'),(53,'generic',167,'2023-05-23','2024-06-21','BATCH100053'),(54,'generic',159,'2024-01-22','2026-05-05','BATCH100054'),(55,'brand',128,'2024-09-11','2027-09-06','BATCH100055'),(56,'generic',165,'2025-10-20','2028-12-22','BATCH100056'),(57,'generic',124,'2024-11-22','2026-01-26','BATCH100057'),(58,'generic',77,'2023-05-08','2025-02-10','BATCH100058'),(59,'brand',177,'2022-12-15','2023-08-13','BATCH100059'),(60,'brand',113,'2025-07-06','2027-03-03','BATCH100060'),(61,'generic',119,'2025-06-03','2026-06-26','BATCH100061'),(62,'generic',156,'2023-11-07','2024-09-29','BATCH100062'),(63,'generic',82,'2023-07-05','2026-01-21','BATCH100063'),(64,'generic',103,'2024-02-26','2025-01-04','BATCH100064'),(65,'generic',132,'2025-03-05','2027-03-30','BATCH100065'),(66,'brand',82,'2022-11-22','2024-01-23','BATCH100066'),(67,'generic',32,'2025-03-07','2026-06-03','BATCH100067'),(68,'generic',64,'2024-07-26','2025-06-15','BATCH100068'),(69,'brand',13,'2023-03-25','2024-07-14','BATCH100069'),(70,'generic',158,'2023-10-16','2025-06-15','BATCH100070'),(71,'brand',247,'2023-04-26','2026-03-27','BATCH100071'),(72,'brand',209,'2024-10-17','2026-03-16','BATCH100072'),(73,'generic',49,'2023-05-02','2025-12-18','BATCH100073'),(74,'brand',128,'2025-08-03','2028-11-14','BATCH100074'),(75,'generic',128,'2023-06-28','2026-06-12','BATCH100075'),(76,'generic',128,'2024-12-14','2025-07-05','BATCH100076'),(77,'brand',242,'2024-01-28','2025-09-01','BATCH100077'),(78,'generic',62,'2024-12-30','2026-02-03','BATCH100078'),(79,'generic',13,'2025-10-31','2026-06-19','BATCH100079'),(80,'generic',127,'2023-12-30','2026-02-28','BATCH100080'),(81,'generic',74,'2024-08-07','2026-08-06','BATCH100081'),(82,'brand',217,'2024-11-19','2025-09-05','BATCH100082'),(83,'generic',35,'2024-11-03','2027-10-22','BATCH100083'),(84,'generic',94,'2023-11-14','2026-07-03','BATCH100084'),(85,'generic',94,'2024-10-10','2025-05-24','BATCH100085'),(86,'generic',14,'2025-03-06','2027-04-08','BATCH100086'),(87,'brand',93,'2023-06-13','2025-06-28','BATCH100087'),(88,'generic',19,'2024-06-18','2026-01-14','BATCH100088'),(89,'generic',141,'2023-08-24','2024-12-02','BATCH100089'),(90,'brand',33,'2025-05-20','2028-08-10','BATCH100090'),(91,'brand',101,'2024-12-29','2026-07-14','BATCH100091'),(92,'generic',143,'2023-06-01','2026-07-16','BATCH100092'),(93,'generic',37,'2023-02-17','2024-03-06','BATCH100093'),(94,'generic',129,'2024-01-04','2024-08-12','BATCH100094'),(95,'brand',10,'2024-08-06','2025-06-22','BATCH100095'),(96,'generic',122,'2024-04-11','2026-03-23','BATCH100096'),(97,'generic',39,'2024-12-28','2027-03-08','BATCH100097'),(98,'brand',84,'2023-12-21','2027-01-27','BATCH100098'),(99,'generic',42,'2022-11-04','2024-06-08','BATCH100099'),(100,'generic',152,'2024-01-14','2025-06-21','BATCH100100'),(101,'generic',145,'2024-02-07','2025-06-07','BATCH100101'),(102,'generic',5,'2025-04-30','2026-11-08','BATCH100102'),(103,'generic',173,'2025-04-19','2026-02-05','BATCH100103'),(104,'generic',150,'2025-08-22','2026-12-30','BATCH100104'),(105,'brand',153,'2024-11-30','2026-09-26','BATCH100105'),(106,'generic',168,'2023-06-19','2026-02-24','BATCH100106'),(107,'brand',185,'2024-09-24','2025-05-14','BATCH100107'),(108,'generic',44,'2025-02-14','2027-01-31','BATCH100108'),(109,'generic',38,'2024-11-22','2027-09-09','BATCH100109'),(110,'brand',9,'2024-04-20','2026-05-26','BATCH100110'),(111,'brand',49,'2024-03-31','2024-10-16','BATCH100111'),(112,'generic',81,'2025-03-07','2026-11-05','BATCH100112'),(113,'brand',106,'2025-02-22','2027-07-29','BATCH100113'),(114,'brand',106,'2024-06-08','2026-05-02','BATCH100114'),(115,'generic',16,'2024-10-08','2027-03-29','BATCH100115'),(116,'brand',133,'2024-03-14','2025-04-10','BATCH100116'),(117,'generic',170,'2023-08-21','2025-06-20','BATCH100117'),(118,'generic',81,'2025-10-19','2028-12-21','BATCH100118'),(119,'brand',118,'2023-11-06','2026-11-24','BATCH100119'),(120,'generic',140,'2025-04-07','2026-10-01','BATCH100120'),(121,'generic',157,'2024-06-17','2026-04-23','BATCH100121'),(122,'brand',246,'2023-10-29','2025-01-03','BATCH100122'),(123,'generic',143,'2024-07-31','2025-11-28','BATCH100123'),(124,'brand',242,'2023-01-07','2026-03-28','BATCH100124'),(125,'generic',74,'2024-03-09','2026-08-27','BATCH100125'),(126,'brand',177,'2024-11-04','2027-04-24','BATCH100126'),(127,'generic',82,'2025-10-31','2027-09-02','BATCH100127'),(128,'generic',144,'2024-06-15','2027-07-26','BATCH100128'),(129,'generic',74,'2024-06-22','2025-04-22','BATCH100129'),(130,'generic',102,'2025-08-28','2028-06-11','BATCH100130'),(131,'generic',38,'2025-08-09','2026-11-29','BATCH100131'),(132,'brand',74,'2023-06-25','2026-08-26','BATCH100132'),(133,'brand',89,'2024-12-09','2028-01-09','BATCH100133'),(134,'generic',168,'2022-12-28','2024-03-14','BATCH100134'),(135,'generic',55,'2023-05-16','2024-06-05','BATCH100135'),(136,'generic',144,'2024-12-20','2027-05-31','BATCH100136'),(137,'generic',36,'2025-05-05','2026-02-20','BATCH100137'),(138,'brand',63,'2024-03-30','2024-11-16','BATCH100138'),(139,'brand',164,'2023-04-05','2024-05-27','BATCH100139'),(140,'brand',26,'2024-09-14','2026-05-10','BATCH100140'),(141,'generic',121,'2023-04-04','2024-01-11','BATCH100141'),(142,'brand',2,'2025-01-26','2028-04-07','BATCH100142'),(143,'brand',105,'2024-10-10','2027-02-05','BATCH100143'),(144,'generic',123,'2022-11-24','2025-03-19','BATCH100144'),(145,'brand',194,'2023-06-12','2026-08-22','BATCH100145'),(146,'generic',83,'2024-07-29','2025-11-13','BATCH100146'),(147,'brand',233,'2025-08-14','2028-04-07','BATCH100147'),(148,'brand',167,'2023-06-28','2025-08-03','BATCH100148'),(149,'brand',137,'2023-02-25','2025-09-18','BATCH100149'),(150,'brand',234,'2024-10-30','2027-11-27','BATCH100150'),(151,'brand',107,'2023-12-17','2026-12-04','BATCH100151'),(152,'brand',240,'2024-04-09','2027-05-05','BATCH100152'),(153,'brand',215,'2025-06-26','2027-02-02','BATCH100153'),(154,'generic',48,'2025-10-12','2028-11-24','BATCH100154'),(155,'generic',10,'2024-07-10','2025-01-15','BATCH100155'),(156,'generic',146,'2025-08-06','2027-10-12','BATCH100156'),(157,'brand',238,'2023-03-05','2026-06-03','BATCH100157'),(158,'generic',73,'2024-03-25','2025-12-30','BATCH100158'),(159,'generic',35,'2025-09-13','2028-07-30','BATCH100159'),(160,'generic',70,'2025-02-06','2026-02-18','BATCH100160'),(161,'brand',85,'2024-06-13','2025-05-25','BATCH100161'),(162,'generic',166,'2024-03-06','2025-05-23','BATCH100162'),(163,'brand',4,'2025-07-01','2028-01-21','BATCH100163'),(164,'generic',76,'2024-11-28','2026-12-29','BATCH100164'),(165,'brand',45,'2025-02-18','2027-05-04','BATCH100165'),(166,'generic',110,'2022-12-26','2024-12-02','BATCH100166'),(167,'generic',23,'2025-06-17','2027-01-28','BATCH100167'),(168,'brand',48,'2023-02-15','2026-05-15','BATCH100168'),(169,'brand',123,'2023-10-31','2025-03-25','BATCH100169'),(170,'brand',2,'2025-07-08','2026-09-28','BATCH100170'),(171,'generic',61,'2025-09-29','2027-06-28','BATCH100171'),(172,'generic',85,'2024-01-21','2025-05-24','BATCH100172'),(173,'brand',67,'2023-10-20','2026-02-15','BATCH100173'),(174,'generic',178,'2023-03-21','2024-05-15','BATCH100174'),(175,'brand',171,'2024-09-05','2025-07-03','BATCH100175'),(176,'generic',79,'2023-04-02','2024-03-10','BATCH100176'),(177,'generic',176,'2025-07-12','2027-06-06','BATCH100177'),(178,'generic',177,'2025-10-29','2026-08-25','BATCH100178'),(179,'generic',95,'2023-04-06','2025-06-23','BATCH100179'),(180,'brand',57,'2024-09-20','2027-11-24','BATCH100180'),(181,'brand',123,'2023-07-17','2024-06-17','BATCH100181'),(182,'generic',156,'2025-10-14','2027-04-29','BATCH100182'),(183,'generic',180,'2024-02-09','2026-02-20','BATCH100183'),(184,'generic',138,'2022-12-15','2025-09-11','BATCH100184'),(185,'brand',196,'2023-01-11','2024-03-19','BATCH100185'),(186,'brand',135,'2024-03-18','2025-12-15','BATCH100186'),(187,'generic',20,'2023-01-27','2026-02-19','BATCH100187'),(188,'brand',16,'2024-01-30','2026-11-23','BATCH100188'),(189,'brand',147,'2024-05-10','2026-05-09','BATCH100189'),(190,'brand',43,'2024-06-05','2025-11-02','BATCH100190'),(191,'generic',30,'2024-08-31','2027-01-24','BATCH100191'),(192,'brand',184,'2023-06-15','2025-07-31','BATCH100192'),(193,'generic',24,'2023-11-15','2026-11-19','BATCH100193'),(194,'generic',15,'2025-02-03','2026-11-09','BATCH100194'),(195,'brand',132,'2024-08-02','2026-03-30','BATCH100195'),(196,'generic',145,'2025-03-29','2025-11-23','BATCH100196'),(197,'generic',173,'2025-09-25','2028-06-27','BATCH100197'),(198,'generic',6,'2023-08-07','2025-03-14','BATCH100198'),(199,'generic',1,'2023-07-23','2026-02-20','BATCH100199'),(200,'brand',149,'2023-07-30','2024-04-09','BATCH100200'),(201,'brand',109,'2023-03-03','2024-08-16','BATCH100201'),(202,'brand',139,'2025-06-04','2028-09-13','BATCH100202'),(203,'brand',240,'2024-06-17','2027-06-17','BATCH100203'),(204,'brand',240,'2025-06-20','2027-04-14','BATCH100204'),(205,'brand',74,'2025-09-27','2027-05-18','BATCH100205'),(206,'brand',197,'2023-11-10','2024-09-23','BATCH100206'),(207,'generic',96,'2024-12-13','2028-03-23','BATCH100207'),(208,'generic',115,'2025-04-24','2028-03-29','BATCH100208'),(209,'generic',97,'2023-06-11','2024-02-28','BATCH100209'),(210,'brand',168,'2023-10-27','2026-09-21','BATCH100210'),(211,'generic',31,'2024-10-17','2025-10-14','BATCH100211'),(212,'generic',136,'2025-07-18','2026-05-24','BATCH100212'),(213,'brand',214,'2023-11-30','2024-05-31','BATCH100213'),(214,'brand',77,'2024-10-14','2026-07-30','BATCH100214'),(215,'generic',137,'2023-12-02','2025-06-22','BATCH100215'),(216,'brand',64,'2025-09-01','2027-06-14','BATCH100216'),(217,'generic',40,'2022-11-15','2024-02-20','BATCH100217'),(218,'brand',240,'2024-10-23','2027-10-04','BATCH100218'),(219,'brand',9,'2024-01-21','2026-10-25','BATCH100219'),(220,'generic',158,'2025-09-18','2028-05-09','BATCH100220'),(221,'brand',62,'2025-02-27','2026-03-25','BATCH100221'),(222,'brand',26,'2023-07-04','2025-08-30','BATCH100222'),(223,'brand',115,'2023-02-23','2025-04-25','BATCH100223'),(224,'brand',63,'2024-09-17','2027-04-13','BATCH100224'),(225,'brand',103,'2024-04-20','2026-01-09','BATCH100225'),(226,'brand',139,'2025-05-01','2026-06-07','BATCH100226'),(227,'brand',36,'2024-02-08','2026-01-03','BATCH100227'),(228,'generic',60,'2025-07-20','2028-04-30','BATCH100228'),(229,'generic',148,'2024-08-21','2026-10-22','BATCH100229'),(230,'generic',61,'2025-10-08','2027-02-09','BATCH100230'),(231,'brand',170,'2023-11-24','2025-11-06','BATCH100231'),(232,'brand',106,'2024-10-10','2026-02-09','BATCH100232'),(233,'generic',16,'2024-02-13','2026-03-04','BATCH100233'),(234,'brand',161,'2023-09-06','2026-01-28','BATCH100234'),(235,'generic',143,'2024-06-20','2026-05-08','BATCH100235'),(236,'brand',249,'2024-11-20','2026-05-06','BATCH100236'),(237,'generic',135,'2023-04-15','2024-09-02','BATCH100237'),(238,'generic',105,'2023-11-04','2024-10-01','BATCH100238'),(239,'generic',97,'2024-06-15','2025-06-18','BATCH100239'),(240,'generic',62,'2025-04-07','2028-02-20','BATCH100240'),(241,'brand',77,'2024-05-11','2027-04-04','BATCH100241'),(242,'brand',207,'2025-04-11','2027-01-25','BATCH100242'),(243,'brand',144,'2024-02-03','2025-09-27','BATCH100243'),(244,'generic',143,'2025-10-22','2027-10-14','BATCH100244'),(245,'brand',100,'2024-02-02','2025-04-05','BATCH100245'),(246,'generic',53,'2022-12-05','2024-05-06','BATCH100246'),(247,'brand',237,'2025-08-19','2027-05-21','BATCH100247'),(248,'generic',24,'2024-07-07','2026-07-05','BATCH100248'),(249,'brand',14,'2024-01-01','2025-03-30','BATCH100249'),(250,'generic',173,'2022-11-13','2025-01-20','BATCH100250'),(251,'brand',224,'2025-03-29','2025-12-08','BATCH100251'),(252,'brand',206,'2025-10-01','2028-05-17','BATCH100252'),(253,'brand',123,'2023-01-16','2024-02-13','BATCH100253'),(254,'generic',78,'2025-05-31','2028-08-02','BATCH100254'),(255,'brand',55,'2024-12-11','2028-01-24','BATCH100255'),(256,'brand',247,'2024-01-19','2026-08-15','BATCH100256'),(257,'brand',192,'2023-10-24','2026-06-02','BATCH100257'),(258,'generic',63,'2025-06-01','2027-11-10','BATCH100258'),(259,'brand',102,'2024-05-01','2027-05-23','BATCH100259'),(260,'brand',142,'2023-10-07','2025-02-27','BATCH100260'),(261,'generic',98,'2025-07-16','2027-05-04','BATCH100261'),(262,'generic',79,'2023-08-23','2024-11-12','BATCH100262'),(263,'generic',132,'2025-06-22','2028-06-09','BATCH100263'),(264,'generic',120,'2023-11-25','2024-08-31','BATCH100264'),(265,'generic',82,'2025-09-18','2028-10-08','BATCH100265'),(266,'brand',95,'2025-08-21','2027-01-03','BATCH100266'),(267,'generic',12,'2025-09-23','2027-10-19','BATCH100267'),(268,'brand',190,'2023-06-01','2024-04-25','BATCH100268'),(269,'brand',67,'2025-07-03','2027-07-19','BATCH100269'),(270,'generic',76,'2023-03-31','2024-03-01','BATCH100270'),(271,'brand',85,'2025-07-02','2026-08-21','BATCH100271'),(272,'generic',146,'2025-08-01','2028-05-30','BATCH100272'),(273,'brand',128,'2023-01-01','2025-01-13','BATCH100273'),(274,'generic',66,'2024-02-23','2026-10-11','BATCH100274'),(275,'generic',165,'2024-09-15','2027-04-10','BATCH100275'),(276,'generic',118,'2022-12-22','2023-12-09','BATCH100276'),(277,'generic',44,'2025-04-19','2026-03-08','BATCH100277'),(278,'generic',48,'2024-05-20','2027-06-12','BATCH100278'),(279,'brand',135,'2023-05-24','2023-12-24','BATCH100279'),(280,'brand',242,'2023-03-21','2026-01-01','BATCH100280'),(281,'brand',196,'2024-02-02','2024-08-06','BATCH100281'),(282,'generic',36,'2024-03-22','2027-01-28','BATCH100282'),(283,'brand',18,'2024-08-07','2027-01-28','BATCH100283'),(284,'brand',3,'2023-07-31','2024-09-06','BATCH100284'),(285,'generic',96,'2023-09-08','2024-05-06','BATCH100285'),(286,'generic',169,'2023-05-25','2025-04-03','BATCH100286'),(287,'brand',2,'2025-02-15','2027-02-09','BATCH100287'),(288,'generic',4,'2024-05-22','2024-12-05','BATCH100288'),(289,'generic',138,'2025-02-02','2028-04-27','BATCH100289'),(290,'generic',5,'2024-12-19','2026-11-13','BATCH100290'),(291,'generic',46,'2023-12-29','2024-10-13','BATCH100291'),(292,'brand',135,'2023-07-14','2024-06-10','BATCH100292'),(293,'brand',50,'2023-12-05','2026-02-26','BATCH100293'),(294,'generic',91,'2024-11-18','2026-02-14','BATCH100294'),(295,'generic',21,'2024-02-02','2025-08-17','BATCH100295'),(296,'generic',118,'2024-04-10','2026-05-08','BATCH100296'),(297,'brand',179,'2023-04-28','2024-06-12','BATCH100297'),(298,'generic',176,'2024-10-28','2027-08-21','BATCH100298'),(299,'brand',168,'2023-02-25','2026-06-04','BATCH100299'),(300,'brand',24,'2023-06-07','2025-01-22','BATCH100300'),(301,'generic',97,'2023-10-17','2025-10-31','BATCH100301'),(302,'generic',15,'2025-09-16','2027-12-27','BATCH100302'),(303,'brand',180,'2025-09-13','2026-09-03','BATCH100303'),(304,'brand',128,'2024-07-10','2027-05-21','BATCH100304'),(305,'generic',166,'2025-03-15','2027-11-23','BATCH100305'),(306,'generic',145,'2024-05-22','2027-08-15','BATCH100306'),(307,'brand',230,'2023-03-21','2025-03-10','BATCH100307'),(308,'brand',59,'2024-07-05','2025-08-05','BATCH100308'),(309,'generic',70,'2022-11-22','2023-07-07','BATCH100309'),(310,'brand',176,'2023-12-16','2027-01-16','BATCH100310'),(311,'generic',140,'2025-02-11','2027-03-10','BATCH100311'),(312,'brand',46,'2023-05-11','2026-06-15','BATCH100312'),(313,'generic',5,'2024-10-07','2027-12-15','BATCH100313'),(314,'brand',151,'2024-05-26','2025-04-18','BATCH100314'),(315,'generic',20,'2025-09-11','2027-01-10','BATCH100315'),(316,'brand',145,'2025-09-10','2026-11-10','BATCH100316'),(317,'generic',174,'2023-12-13','2026-12-15','BATCH100317'),(318,'generic',99,'2025-04-27','2027-12-06','BATCH100318'),(319,'brand',203,'2024-06-14','2027-09-19','BATCH100319'),(320,'brand',129,'2025-07-19','2028-02-17','BATCH100320'),(321,'generic',14,'2024-05-31','2025-03-07','BATCH100321'),(322,'generic',60,'2023-04-18','2026-02-19','BATCH100322'),(323,'brand',88,'2025-09-14','2027-11-22','BATCH100323'),(324,'generic',84,'2023-10-30','2024-05-27','BATCH100324'),(325,'generic',116,'2024-11-02','2026-09-15','BATCH100325'),(326,'brand',92,'2022-12-09','2024-12-24','BATCH100326'),(327,'generic',111,'2025-06-20','2026-06-25','BATCH100327'),(328,'generic',22,'2025-03-22','2027-11-17','BATCH100328'),(329,'generic',64,'2024-03-24','2026-09-20','BATCH100329'),(330,'brand',22,'2025-06-05','2026-09-02','BATCH100330'),(331,'brand',98,'2023-10-10','2026-04-05','BATCH100331'),(332,'brand',190,'2025-08-03','2027-03-04','BATCH100332'),(333,'generic',93,'2023-02-07','2023-11-23','BATCH100333'),(334,'brand',2,'2025-07-15','2028-09-02','BATCH100334'),(335,'generic',114,'2024-10-22','2026-04-23','BATCH100335'),(336,'generic',27,'2025-10-25','2026-09-05','BATCH100336'),(337,'brand',48,'2024-02-13','2025-10-26','BATCH100337'),(338,'generic',143,'2025-08-05','2027-08-23','BATCH100338'),(339,'generic',27,'2024-07-27','2025-02-18','BATCH100339'),(340,'brand',91,'2023-05-01','2025-05-17','BATCH100340'),(341,'brand',153,'2023-06-06','2025-08-06','BATCH100341'),(342,'generic',99,'2023-01-10','2023-07-21','BATCH100342'),(343,'generic',106,'2022-12-28','2024-07-27','BATCH100343'),(344,'brand',186,'2024-02-16','2027-02-22','BATCH100344'),(345,'brand',147,'2024-12-05','2026-11-18','BATCH100345'),(346,'brand',176,'2023-04-30','2024-11-19','BATCH100346'),(347,'brand',36,'2023-03-31','2024-06-28','BATCH100347'),(348,'generic',69,'2023-10-31','2025-09-14','BATCH100348'),(349,'brand',17,'2025-02-13','2026-01-30','BATCH100349'),(350,'generic',71,'2023-05-30','2025-01-30','BATCH100350'),(351,'generic',124,'2024-06-26','2027-03-04','BATCH100351'),(352,'brand',93,'2024-10-05','2025-12-16','BATCH100352'),(353,'brand',185,'2024-05-30','2026-08-28','BATCH100353'),(354,'generic',153,'2025-09-07','2027-11-27','BATCH100354'),(355,'brand',118,'2025-10-17','2026-08-02','BATCH100355'),(356,'brand',78,'2025-02-17','2025-08-22','BATCH100356'),(357,'generic',86,'2024-08-13','2027-06-20','BATCH100357'),(358,'generic',85,'2025-05-01','2027-01-21','BATCH100358'),(359,'generic',111,'2023-06-29','2026-04-09','BATCH100359'),(360,'brand',77,'2024-08-06','2025-12-27','BATCH100360'),(361,'brand',123,'2025-08-14','2026-12-28','BATCH100361'),(362,'brand',247,'2023-04-03','2024-11-10','BATCH100362'),(363,'generic',75,'2024-11-30','2027-06-20','BATCH100363'),(364,'generic',148,'2025-06-14','2028-02-19','BATCH100364'),(365,'brand',84,'2024-07-26','2026-02-11','BATCH100365'),(366,'generic',101,'2024-01-09','2025-07-15','BATCH100366'),(367,'brand',239,'2022-12-21','2025-01-16','BATCH100367'),(368,'brand',152,'2025-10-08','2027-10-16','BATCH100368'),(369,'brand',175,'2024-05-29','2027-01-20','BATCH100369'),(370,'brand',244,'2023-10-04','2026-04-15','BATCH100370'),(371,'generic',54,'2024-09-19','2026-06-09','BATCH100371'),(372,'generic',178,'2024-09-21','2025-05-29','BATCH100372'),(373,'generic',173,'2023-11-02','2025-09-23','BATCH100373'),(374,'brand',163,'2024-05-17','2025-09-19','BATCH100374'),(375,'brand',65,'2023-04-04','2025-08-05','BATCH100375'),(376,'brand',184,'2025-10-01','2027-06-06','BATCH100376'),(377,'generic',19,'2024-05-24','2026-02-22','BATCH100377'),(378,'generic',150,'2025-02-23','2026-10-06','BATCH100378'),(379,'generic',140,'2025-07-29','2026-03-03','BATCH100379'),(380,'generic',180,'2024-05-11','2027-05-12','BATCH100380'),(381,'brand',28,'2023-02-03','2025-09-27','BATCH100381'),(382,'brand',169,'2024-07-11','2026-11-18','BATCH100382'),(383,'generic',43,'2024-01-03','2026-04-24','BATCH100383'),(384,'brand',145,'2023-08-22','2026-11-21','BATCH100384'),(385,'generic',85,'2023-05-09','2026-07-20','BATCH100385'),(386,'generic',28,'2024-10-07','2025-04-15','BATCH100386'),(387,'brand',67,'2023-03-23','2024-05-03','BATCH100387'),(388,'brand',115,'2025-08-26','2027-03-12','BATCH100388'),(389,'generic',119,'2023-09-26','2026-05-23','BATCH100389'),(390,'brand',89,'2025-07-24','2026-02-14','BATCH100390'),(391,'generic',27,'2025-07-21','2026-11-15','BATCH100391'),(392,'generic',22,'2025-05-16','2026-03-10','BATCH100392'),(393,'brand',90,'2022-12-04','2024-04-16','BATCH100393'),(394,'generic',117,'2023-01-18','2025-09-27','BATCH100394'),(395,'brand',134,'2024-04-02','2026-02-05','BATCH100395'),(396,'generic',122,'2023-11-14','2024-08-19','BATCH100396'),(397,'generic',179,'2023-05-15','2025-02-16','BATCH100397'),(398,'generic',18,'2025-03-27','2026-07-27','BATCH100398'),(399,'brand',208,'2023-09-15','2026-03-10','BATCH100399'),(400,'brand',6,'2023-02-15','2025-12-30','BATCH100400'),(401,'generic',166,'2025-03-10','2025-12-26','BATCH100401'),(402,'brand',239,'2023-09-18','2026-12-18','BATCH100402'),(403,'brand',133,'2025-04-29','2026-04-22','BATCH100403'),(404,'brand',85,'2023-10-02','2025-10-24','BATCH100404'),(405,'generic',119,'2023-10-28','2024-12-18','BATCH100405'),(406,'generic',162,'2024-03-25','2025-03-28','BATCH100406'),(407,'brand',164,'2023-06-18','2025-10-18','BATCH100407'),(408,'generic',102,'2025-05-14','2025-12-09','BATCH100408'),(409,'brand',116,'2022-11-05','2024-12-30','BATCH100409'),(410,'generic',100,'2024-01-05','2024-07-07','BATCH100410'),(411,'brand',53,'2023-06-13','2024-09-20','BATCH100411'),(412,'brand',148,'2023-05-21','2024-02-29','BATCH100412'),(413,'brand',94,'2025-02-17','2026-07-15','BATCH100413'),(414,'brand',118,'2023-11-25','2024-09-16','BATCH100414'),(415,'generic',172,'2023-07-30','2026-06-27','BATCH100415'),(416,'generic',136,'2023-04-20','2026-07-02','BATCH100416'),(417,'generic',153,'2025-08-23','2027-03-23','BATCH100417'),(418,'generic',151,'2022-12-11','2023-10-03','BATCH100418'),(419,'generic',91,'2023-05-24','2026-04-03','BATCH100419'),(420,'generic',159,'2022-11-24','2023-11-15','BATCH100420'),(421,'generic',158,'2024-05-10','2026-07-03','BATCH100421'),(422,'brand',173,'2023-11-05','2024-09-17','BATCH100422'),(423,'generic',31,'2025-05-03','2026-07-01','BATCH100423'),(424,'generic',30,'2024-03-17','2025-03-19','BATCH100424'),(425,'generic',178,'2022-11-25','2023-10-15','BATCH100425'),(426,'generic',108,'2023-07-29','2025-09-26','BATCH100426'),(427,'brand',148,'2023-12-18','2025-07-12','BATCH100427'),(428,'generic',48,'2023-01-21','2024-11-29','BATCH100428'),(429,'brand',143,'2023-05-16','2024-04-30','BATCH100429'),(430,'generic',74,'2024-08-15','2025-07-04','BATCH100430'),(431,'brand',81,'2025-01-26','2027-12-04','BATCH100431'),(432,'generic',159,'2023-04-26','2023-12-16','BATCH100432'),(433,'generic',3,'2023-02-07','2024-12-14','BATCH100433'),(434,'brand',50,'2024-11-09','2027-08-20','BATCH100434'),(435,'generic',144,'2024-09-27','2026-08-25','BATCH100435'),(436,'generic',105,'2024-05-16','2026-10-14','BATCH100436'),(437,'generic',107,'2025-01-06','2027-07-02','BATCH100437'),(438,'generic',126,'2025-05-11','2026-04-27','BATCH100438'),(439,'brand',145,'2023-04-19','2023-11-16','BATCH100439'),(440,'brand',75,'2024-10-03','2025-05-04','BATCH100440'),(441,'generic',58,'2024-12-22','2026-12-22','BATCH100441'),(442,'generic',44,'2023-10-11','2026-06-16','BATCH100442'),(443,'generic',145,'2025-06-13','2028-01-09','BATCH100443'),(444,'generic',141,'2023-01-07','2024-12-10','BATCH100444'),(445,'brand',147,'2025-08-20','2026-06-12','BATCH100445'),(446,'generic',140,'2025-01-19','2027-11-08','BATCH100446'),(447,'generic',139,'2024-02-12','2026-11-30','BATCH100447'),(448,'brand',195,'2024-10-12','2027-04-16','BATCH100448'),(449,'generic',140,'2025-07-27','2026-09-03','BATCH100449'),(450,'generic',27,'2022-12-19','2025-07-09','BATCH100450'),(451,'brand',77,'2023-02-03','2026-01-13','BATCH100451'),(452,'brand',116,'2024-11-14','2026-02-06','BATCH100452'),(453,'generic',23,'2024-07-16','2026-04-06','BATCH100453'),(454,'brand',199,'2024-08-24','2027-06-01','BATCH100454'),(455,'brand',54,'2025-10-01','2028-07-07','BATCH100455'),(456,'generic',157,'2023-04-17','2025-07-22','BATCH100456'),(457,'generic',43,'2024-12-01','2027-02-19','BATCH100457'),(458,'brand',201,'2024-09-20','2025-10-16','BATCH100458'),(459,'brand',207,'2023-02-23','2023-10-21','BATCH100459'),(460,'generic',137,'2023-03-06','2024-06-15','BATCH100460'),(461,'brand',83,'2024-03-15','2027-06-10','BATCH100461'),(462,'generic',75,'2025-06-02','2027-07-08','BATCH100462'),(463,'generic',132,'2023-06-19','2026-09-20','BATCH100463'),(464,'brand',35,'2023-02-11','2026-04-21','BATCH100464'),(465,'generic',16,'2023-05-16','2026-08-24','BATCH100465'),(466,'generic',168,'2024-01-02','2024-11-06','BATCH100466'),(467,'brand',64,'2025-06-27','2026-05-22','BATCH100467'),(468,'generic',64,'2025-07-11','2028-02-25','BATCH100468'),(469,'generic',126,'2025-04-28','2026-03-19','BATCH100469'),(470,'generic',161,'2025-03-01','2026-10-26','BATCH100470'),(471,'generic',116,'2024-03-20','2024-12-02','BATCH100471'),(472,'brand',104,'2024-06-14','2026-05-22','BATCH100472'),(473,'generic',178,'2025-05-17','2028-06-28','BATCH100473'),(474,'generic',117,'2025-02-02','2028-03-31','BATCH100474'),(475,'generic',84,'2024-02-02','2026-03-18','BATCH100475'),(476,'brand',223,'2024-10-05','2027-06-04','BATCH100476'),(477,'brand',188,'2024-12-25','2028-03-14','BATCH100477'),(478,'generic',163,'2025-05-29','2027-10-06','BATCH100478'),(479,'generic',17,'2024-08-30','2027-05-21','BATCH100479'),(480,'generic',56,'2023-04-04','2026-06-18','BATCH100480'),(481,'generic',55,'2025-10-26','2027-09-12','BATCH100481'),(482,'generic',83,'2023-04-27','2026-02-18','BATCH100482'),(483,'generic',87,'2025-08-14','2027-08-24','BATCH100483'),(484,'brand',145,'2025-08-08','2028-06-25','BATCH100484'),(485,'generic',88,'2025-03-06','2028-03-05','BATCH100485'),(486,'brand',12,'2023-10-01','2024-07-08','BATCH100486'),(487,'generic',5,'2024-08-30','2025-07-03','BATCH100487'),(488,'brand',113,'2024-10-02','2026-07-11','BATCH100488'),(489,'brand',246,'2023-10-21','2025-06-30','BATCH100489'),(490,'brand',177,'2024-08-04','2027-08-20','BATCH100490'),(491,'brand',226,'2024-04-10','2026-08-03','BATCH100491'),(492,'generic',41,'2024-10-05','2027-09-15','BATCH100492'),(493,'generic',24,'2024-07-12','2026-11-09','BATCH100493'),(494,'generic',65,'2024-08-08','2025-04-29','BATCH100494'),(495,'generic',171,'2023-03-28','2026-04-06','BATCH100495'),(496,'brand',14,'2024-02-29','2025-10-06','BATCH100496'),(497,'generic',180,'2024-08-24','2027-04-04','BATCH100497'),(498,'brand',110,'2024-02-29','2026-06-29','BATCH100498'),(499,'brand',181,'2025-08-30','2026-06-03','BATCH100499'),(500,'brand',55,'2023-12-01','2025-09-29','BATCH100500'),(501,'brand',34,'2024-06-04','2026-07-31','BATCH100501'),(502,'brand',133,'2023-06-26','2025-11-18','BATCH100502'),(503,'generic',3,'2025-10-02','2026-04-08','BATCH100503'),(504,'generic',31,'2024-11-06','2028-02-10','BATCH100504'),(505,'generic',178,'2023-02-13','2023-12-25','BATCH100505'),(506,'generic',19,'2023-03-22','2024-05-09','BATCH100506'),(507,'generic',23,'2023-03-13','2025-09-26','BATCH100507'),(508,'brand',27,'2023-03-25','2024-08-06','BATCH100508'),(509,'generic',77,'2024-09-01','2025-07-18','BATCH100509'),(510,'generic',35,'2023-03-31','2025-07-14','BATCH100510'),(511,'brand',18,'2024-06-01','2026-05-25','BATCH100511'),(512,'brand',157,'2023-05-22','2025-09-13','BATCH100512'),(513,'brand',113,'2025-03-14','2026-09-04','BATCH100513'),(514,'brand',161,'2023-02-02','2025-09-05','BATCH100514'),(515,'brand',236,'2025-04-30','2026-12-22','BATCH100515'),(516,'generic',56,'2025-03-22','2025-12-15','BATCH100516'),(517,'brand',36,'2025-03-22','2027-10-28','BATCH100517'),(518,'brand',151,'2024-03-27','2026-10-10','BATCH100518'),(519,'generic',90,'2025-09-06','2028-11-15','BATCH100519'),(520,'generic',81,'2023-05-09','2026-01-23','BATCH100520'),(521,'brand',64,'2024-07-31','2025-11-06','BATCH100521'),(522,'brand',64,'2024-05-03','2026-05-19','BATCH100522'),(523,'generic',177,'2025-08-30','2026-03-25','BATCH100523'),(524,'generic',53,'2024-08-19','2026-07-30','BATCH100524'),(525,'brand',192,'2023-01-19','2024-08-22','BATCH100525'),(526,'generic',166,'2024-01-21','2024-09-12','BATCH100526'),(527,'brand',127,'2025-05-21','2026-12-17','BATCH100527'),(528,'brand',62,'2024-02-29','2026-01-20','BATCH100528'),(529,'brand',136,'2024-04-30','2027-04-25','BATCH100529'),(530,'brand',93,'2023-04-10','2026-05-20','BATCH100530'),(531,'generic',34,'2025-04-16','2026-11-13','BATCH100531'),(532,'generic',94,'2024-12-28','2027-01-06','BATCH100532'),(533,'brand',196,'2023-09-27','2025-07-20','BATCH100533'),(534,'brand',5,'2023-06-29','2025-08-18','BATCH100534'),(535,'brand',4,'2025-08-17','2026-11-08','BATCH100535'),(536,'brand',11,'2024-11-19','2027-12-18','BATCH100536'),(537,'brand',243,'2023-10-15','2026-06-29','BATCH100537'),(538,'generic',130,'2023-04-18','2024-08-03','BATCH100538'),(539,'generic',109,'2024-04-27','2026-10-12','BATCH100539'),(540,'generic',22,'2025-03-14','2027-06-27','BATCH100540'),(541,'brand',72,'2024-05-24','2025-02-13','BATCH100541'),(542,'generic',21,'2023-04-28','2025-03-31','BATCH100542'),(543,'brand',250,'2024-01-07','2026-10-10','BATCH100543'),(544,'brand',138,'2025-04-10','2026-09-06','BATCH100544'),(545,'generic',151,'2023-10-18','2026-01-24','BATCH100545'),(546,'brand',80,'2024-08-28','2027-02-09','BATCH100546'),(547,'generic',62,'2025-03-21','2025-11-15','BATCH100547'),(548,'brand',23,'2025-06-23','2028-07-23','BATCH100548'),(549,'generic',30,'2025-06-11','2027-03-17','BATCH100549'),(550,'brand',80,'2025-09-14','2028-01-24','BATCH100550'),(551,'brand',31,'2025-07-26','2026-02-03','BATCH100551'),(552,'brand',180,'2025-03-14','2025-09-21','BATCH100552'),(553,'brand',128,'2022-12-11','2026-02-08','BATCH100553'),(554,'generic',134,'2025-06-04','2027-05-14','BATCH100554'),(555,'generic',43,'2025-08-18','2027-03-01','BATCH100555'),(556,'brand',192,'2025-10-13','2028-06-18','BATCH100556'),(557,'generic',31,'2023-12-21','2026-08-16','BATCH100557'),(558,'brand',86,'2022-12-15','2025-09-16','BATCH100558'),(559,'generic',70,'2023-08-08','2025-07-24','BATCH100559'),(560,'brand',68,'2023-12-30','2026-06-26','BATCH100560'),(561,'brand',128,'2025-10-27','2027-08-04','BATCH100561'),(562,'generic',15,'2024-02-23','2026-01-14','BATCH100562'),(563,'brand',95,'2024-04-11','2025-03-18','BATCH100563'),(564,'generic',27,'2024-04-29','2027-04-29','BATCH100564'),(565,'brand',59,'2022-11-10','2025-06-05','BATCH100565'),(566,'brand',12,'2023-08-09','2026-07-03','BATCH100566'),(567,'brand',63,'2023-06-11','2024-01-24','BATCH100567'),(568,'generic',94,'2025-03-29','2026-10-22','BATCH100568'),(569,'brand',46,'2025-08-18','2028-09-24','BATCH100569'),(570,'brand',142,'2024-07-15','2027-04-13','BATCH100570'),(571,'generic',58,'2023-02-17','2024-07-10','BATCH100571'),(572,'brand',107,'2023-06-09','2026-06-30','BATCH100572'),(573,'generic',70,'2025-07-11','2028-05-01','BATCH100573'),(574,'brand',147,'2022-12-18','2024-07-01','BATCH100574'),(575,'brand',129,'2023-03-23','2025-08-08','BATCH100575'),(576,'brand',46,'2025-02-02','2026-03-17','BATCH100576'),(577,'brand',245,'2023-10-01','2025-05-13','BATCH100577'),(578,'brand',225,'2024-06-07','2026-03-25','BATCH100578'),(579,'generic',80,'2024-08-14','2026-01-11','BATCH100579'),(580,'brand',142,'2024-10-05','2026-07-14','BATCH100580'),(581,'brand',95,'2024-04-13','2025-05-03','BATCH100581'),(582,'generic',145,'2023-07-03','2026-03-12','BATCH100582'),(583,'generic',160,'2024-05-28','2025-07-30','BATCH100583'),(584,'generic',95,'2024-02-28','2026-04-23','BATCH100584'),(585,'generic',51,'2024-03-18','2026-10-04','BATCH100585'),(586,'brand',39,'2025-03-31','2025-10-03','BATCH100586'),(587,'generic',7,'2025-05-15','2026-07-07','BATCH100587'),(588,'generic',163,'2023-03-12','2026-01-14','BATCH100588'),(589,'brand',244,'2023-01-21','2024-06-27','BATCH100589'),(590,'brand',195,'2023-06-30','2025-10-30','BATCH100590'),(591,'generic',79,'2023-07-03','2024-04-14','BATCH100591'),(592,'brand',136,'2025-06-17','2028-09-15','BATCH100592'),(593,'brand',108,'2023-01-17','2024-11-30','BATCH100593'),(594,'brand',249,'2025-09-12','2028-12-25','BATCH100594'),(595,'brand',183,'2023-03-07','2024-06-15','BATCH100595'),(596,'brand',12,'2023-12-28','2027-01-24','BATCH100596'),(597,'brand',230,'2024-09-19','2027-07-31','BATCH100597'),(598,'generic',180,'2025-08-25','2028-08-26','BATCH100598'),(599,'generic',118,'2024-08-20','2027-11-10','BATCH100599'),(600,'brand',149,'2024-11-24','2025-08-28','BATCH100600'),(601,'brand',164,'2025-06-01','2028-03-16','BATCH100601'),(602,'generic',20,'2024-09-17','2026-11-12','BATCH100602'),(603,'brand',112,'2024-08-05','2026-12-11','BATCH100603'),(604,'brand',61,'2023-12-30','2025-04-21','BATCH100604'),(605,'generic',81,'2023-10-01','2026-11-02','BATCH100605'),(606,'generic',180,'2025-01-04','2027-11-01','BATCH100606'),(607,'generic',82,'2023-04-26','2025-01-28','BATCH100607'),(608,'generic',60,'2024-04-20','2025-01-01','BATCH100608'),(609,'brand',35,'2024-08-29','2027-05-04','BATCH100609'),(610,'brand',40,'2023-04-22','2024-02-04','BATCH100610'),(611,'brand',116,'2024-01-15','2025-11-02','BATCH100611'),(612,'generic',105,'2025-09-19','2026-07-19','BATCH100612'),(613,'generic',54,'2025-09-19','2027-06-23','BATCH100613'),(614,'generic',119,'2025-05-10','2026-08-04','BATCH100614'),(615,'brand',24,'2024-11-25','2025-11-01','BATCH100615'),(616,'generic',179,'2025-01-27','2027-04-04','BATCH100616'),(617,'brand',56,'2025-09-02','2028-07-03','BATCH100617'),(618,'generic',38,'2024-02-23','2024-11-22','BATCH100618'),(619,'brand',248,'2023-01-10','2024-07-07','BATCH100619'),(620,'generic',132,'2023-10-09','2024-05-26','BATCH100620'),(621,'generic',67,'2024-07-07','2027-04-22','BATCH100621'),(622,'brand',8,'2025-05-20','2028-07-17','BATCH100622'),(623,'generic',116,'2023-01-25','2025-02-12','BATCH100623'),(624,'brand',25,'2022-11-12','2024-08-26','BATCH100624'),(625,'brand',206,'2023-09-14','2026-06-02','BATCH100625'),(626,'brand',32,'2024-02-12','2024-08-22','BATCH100626'),(627,'brand',213,'2023-09-25','2026-05-31','BATCH100627'),(628,'brand',34,'2023-06-02','2024-06-18','BATCH100628'),(629,'generic',96,'2023-12-02','2026-05-02','BATCH100629'),(630,'brand',150,'2024-01-24','2026-03-14','BATCH100630'),(631,'generic',20,'2024-03-24','2024-10-12','BATCH100631'),(632,'brand',51,'2023-05-06','2026-05-14','BATCH100632'),(633,'generic',33,'2022-11-13','2023-08-14','BATCH100633'),(634,'generic',32,'2024-12-12','2025-07-23','BATCH100634'),(635,'generic',13,'2024-08-30','2025-08-17','BATCH100635'),(636,'generic',102,'2023-07-31','2025-06-18','BATCH100636'),(637,'brand',98,'2023-05-20','2025-10-15','BATCH100637'),(638,'generic',45,'2024-06-13','2025-12-07','BATCH100638'),(639,'brand',233,'2025-02-05','2026-02-11','BATCH100639'),(640,'generic',72,'2025-10-29','2027-07-27','BATCH100640'),(641,'brand',9,'2023-10-24','2026-01-09','BATCH100641'),(642,'brand',166,'2024-12-17','2026-04-13','BATCH100642'),(643,'generic',106,'2025-03-17','2028-03-04','BATCH100643'),(644,'generic',16,'2025-09-03','2026-05-30','BATCH100644'),(645,'generic',99,'2024-05-04','2025-03-20','BATCH100645'),(646,'generic',52,'2023-02-20','2025-06-07','BATCH100646'),(647,'brand',162,'2024-07-09','2027-10-19','BATCH100647'),(648,'brand',98,'2023-01-05','2025-09-11','BATCH100648'),(649,'generic',123,'2024-09-08','2026-09-15','BATCH100649'),(650,'generic',89,'2022-11-30','2025-12-18','BATCH100650'),(651,'generic',100,'2024-10-15','2026-01-14','BATCH100651'),(652,'brand',7,'2023-03-01','2024-07-19','BATCH100652'),(653,'brand',8,'2024-03-01','2027-03-03','BATCH100653'),(654,'generic',15,'2025-04-13','2028-01-16','BATCH100654'),(655,'generic',136,'2024-08-28','2026-02-25','BATCH100655'),(656,'brand',250,'2025-04-09','2026-03-18','BATCH100656'),(657,'brand',64,'2024-07-21','2026-11-20','BATCH100657'),(658,'brand',69,'2025-07-22','2027-07-18','BATCH100658'),(659,'brand',196,'2024-08-10','2027-11-23','BATCH100659'),(660,'brand',148,'2024-01-24','2026-12-05','BATCH100660'),(661,'generic',91,'2023-04-28','2026-06-08','BATCH100661'),(662,'brand',46,'2024-07-22','2025-09-17','BATCH100662'),(663,'generic',179,'2022-12-03','2024-06-02','BATCH100663'),(664,'brand',181,'2024-03-19','2026-09-02','BATCH100664'),(665,'generic',146,'2023-07-25','2025-08-20','BATCH100665'),(666,'brand',145,'2025-06-18','2028-08-12','BATCH100666'),(667,'brand',215,'2024-10-15','2028-01-19','BATCH100667'),(668,'generic',139,'2025-10-07','2027-02-15','BATCH100668'),(669,'brand',126,'2024-05-16','2024-12-20','BATCH100669'),(670,'brand',15,'2023-03-17','2024-05-08','BATCH100670'),(671,'brand',6,'2024-09-09','2026-08-29','BATCH100671'),(672,'generic',1,'2023-04-14','2024-09-14','BATCH100672'),(673,'brand',207,'2023-11-13','2024-09-21','BATCH100673'),(674,'generic',46,'2024-09-07','2027-10-02','BATCH100674'),(675,'generic',16,'2025-05-03','2025-11-21','BATCH100675'),(676,'brand',151,'2024-07-15','2027-01-02','BATCH100676'),(677,'brand',199,'2025-01-22','2025-11-11','BATCH100677'),(678,'generic',19,'2023-03-03','2024-09-15','BATCH100678'),(679,'generic',151,'2024-07-07','2025-04-16','BATCH100679'),(680,'generic',78,'2024-02-25','2025-07-19','BATCH100680'),(681,'brand',250,'2024-04-11','2025-03-18','BATCH100681'),(682,'generic',164,'2023-10-11','2026-12-17','BATCH100682'),(683,'generic',167,'2024-04-01','2025-08-18','BATCH100683'),(684,'brand',182,'2023-07-20','2026-10-03','BATCH100684'),(685,'generic',58,'2023-02-27','2025-07-07','BATCH100685'),(686,'brand',97,'2025-01-02','2026-05-11','BATCH100686'),(687,'generic',33,'2025-07-11','2026-07-07','BATCH100687'),(688,'brand',243,'2023-04-27','2025-10-11','BATCH100688'),(689,'generic',146,'2025-02-02','2025-09-03','BATCH100689'),(690,'brand',155,'2025-01-01','2026-05-21','BATCH100690'),(691,'brand',164,'2023-08-29','2025-09-26','BATCH100691'),(692,'brand',240,'2024-04-26','2026-03-15','BATCH100692'),(693,'brand',85,'2024-04-29','2026-11-28','BATCH100693'),(694,'brand',61,'2025-07-30','2027-01-16','BATCH100694'),(695,'generic',43,'2023-06-18','2025-09-26','BATCH100695'),(696,'brand',211,'2023-11-03','2026-04-26','BATCH100696'),(697,'generic',115,'2023-04-09','2023-10-17','BATCH100697'),(698,'generic',54,'2023-06-16','2024-08-24','BATCH100698'),(699,'brand',90,'2023-12-03','2025-02-17','BATCH100699'),(700,'brand',185,'2023-09-03','2024-03-02','BATCH100700'),(701,'brand',99,'2023-07-28','2025-04-16','BATCH100701'),(702,'generic',43,'2025-05-24','2028-05-13','BATCH100702'),(703,'generic',127,'2023-06-26','2026-06-12','BATCH100703'),(704,'generic',90,'2025-08-15','2027-08-24','BATCH100704'),(705,'generic',26,'2023-02-26','2025-12-20','BATCH100705'),(706,'generic',148,'2023-08-03','2025-11-26','BATCH100706'),(707,'brand',42,'2025-07-03','2027-04-06','BATCH100707'),(708,'brand',205,'2024-12-07','2027-10-19','BATCH100708'),(709,'brand',76,'2024-10-21','2025-05-09','BATCH100709'),(710,'generic',67,'2025-03-25','2028-05-22','BATCH100710'),(711,'brand',19,'2025-04-19','2026-10-01','BATCH100711'),(712,'brand',228,'2024-09-28','2026-04-15','BATCH100712'),(713,'brand',188,'2025-09-24','2026-06-07','BATCH100713'),(714,'brand',87,'2025-03-26','2027-05-23','BATCH100714'),(715,'generic',8,'2025-07-26','2027-04-08','BATCH100715'),(716,'brand',156,'2025-07-14','2028-07-09','BATCH100716'),(717,'generic',41,'2025-06-28','2026-02-17','BATCH100717'),(718,'brand',85,'2024-03-17','2025-04-11','BATCH100718'),(719,'brand',105,'2025-07-02','2027-12-12','BATCH100719'),(720,'generic',170,'2024-03-06','2025-06-17','BATCH100720'),(721,'generic',61,'2023-06-23','2024-03-27','BATCH100721'),(722,'brand',101,'2024-09-14','2026-10-19','BATCH100722'),(723,'generic',40,'2023-02-15','2023-10-08','BATCH100723'),(724,'generic',1,'2024-10-29','2026-07-08','BATCH100724'),(725,'brand',76,'2024-09-17','2027-07-07','BATCH100725'),(726,'generic',52,'2025-07-08','2026-04-13','BATCH100726'),(727,'brand',53,'2024-02-14','2025-02-02','BATCH100727'),(728,'generic',21,'2024-01-01','2025-10-26','BATCH100728'),(729,'brand',79,'2025-05-07','2028-01-15','BATCH100729'),(730,'generic',121,'2023-01-27','2024-12-07','BATCH100730'),(731,'generic',24,'2024-04-30','2026-08-15','BATCH100731'),(732,'generic',48,'2024-12-28','2026-07-10','BATCH100732'),(733,'generic',95,'2023-02-24','2024-03-01','BATCH100733'),(734,'generic',12,'2024-02-26','2025-05-20','BATCH100734'),(735,'generic',120,'2024-10-18','2026-01-10','BATCH100735'),(736,'brand',215,'2024-10-03','2026-01-01','BATCH100736'),(737,'brand',39,'2022-12-29','2025-08-05','BATCH100737'),(738,'brand',22,'2023-01-28','2025-06-10','BATCH100738'),(739,'generic',139,'2024-05-26','2026-01-19','BATCH100739'),(740,'brand',142,'2024-01-20','2024-09-18','BATCH100740'),(741,'generic',134,'2023-02-28','2024-10-28','BATCH100741'),(742,'generic',147,'2025-07-29','2028-07-15','BATCH100742'),(743,'brand',122,'2023-03-21','2024-07-19','BATCH100743'),(744,'brand',102,'2025-06-13','2028-06-21','BATCH100744'),(745,'brand',129,'2025-05-11','2027-06-14','BATCH100745'),(746,'brand',31,'2024-12-27','2028-02-22','BATCH100746'),(747,'generic',45,'2024-06-20','2027-08-15','BATCH100747'),(748,'brand',249,'2024-10-19','2025-11-19','BATCH100748'),(749,'brand',33,'2025-04-20','2025-11-29','BATCH100749'),(750,'generic',21,'2025-03-11','2028-06-14','BATCH100750'),(751,'generic',52,'2023-01-03','2025-10-21','BATCH100751'),(752,'brand',214,'2024-09-29','2026-11-27','BATCH100752'),(753,'generic',82,'2025-04-07','2028-04-23','BATCH100753'),(754,'brand',23,'2025-08-09','2027-03-09','BATCH100754'),(755,'generic',142,'2023-08-20','2025-01-14','BATCH100755'),(756,'generic',134,'2024-03-14','2025-12-23','BATCH100756'),(757,'brand',202,'2025-05-28','2027-11-11','BATCH100757'),(758,'generic',29,'2024-11-08','2026-07-05','BATCH100758'),(759,'brand',38,'2024-12-18','2027-01-17','BATCH100759'),(760,'brand',237,'2023-06-23','2024-04-06','BATCH100760'),(761,'brand',202,'2023-02-05','2024-05-22','BATCH100761'),(762,'generic',106,'2024-09-30','2025-12-24','BATCH100762'),(763,'generic',168,'2023-04-10','2025-02-15','BATCH100763'),(764,'generic',10,'2024-04-17','2025-04-08','BATCH100764'),(765,'generic',104,'2023-03-12','2024-02-02','BATCH100765'),(766,'generic',10,'2024-12-23','2026-07-31','BATCH100766'),(767,'generic',177,'2025-07-31','2026-09-27','BATCH100767'),(768,'brand',191,'2023-07-27','2025-05-23','BATCH100768'),(769,'generic',96,'2022-12-31','2023-07-19','BATCH100769'),(770,'generic',78,'2023-11-20','2025-04-01','BATCH100770'),(771,'generic',126,'2024-09-11','2027-08-05','BATCH100771'),(772,'brand',249,'2024-09-13','2027-08-18','BATCH100772'),(773,'brand',35,'2025-01-23','2026-05-25','BATCH100773'),(774,'generic',83,'2025-01-21','2026-04-21','BATCH100774'),(775,'generic',155,'2025-06-05','2027-09-24','BATCH100775'),(776,'brand',49,'2023-07-05','2025-03-28','BATCH100776'),(777,'brand',234,'2024-05-19','2027-03-08','BATCH100777'),(778,'generic',125,'2024-06-02','2027-01-15','BATCH100778'),(779,'generic',15,'2024-01-14','2025-12-21','BATCH100779'),(780,'brand',17,'2024-06-24','2025-11-04','BATCH100780'),(781,'generic',35,'2024-07-28','2027-04-03','BATCH100781'),(782,'brand',45,'2024-04-09','2025-04-21','BATCH100782'),(783,'brand',215,'2025-09-20','2026-05-17','BATCH100783'),(784,'brand',9,'2025-05-17','2027-02-23','BATCH100784'),(785,'brand',236,'2023-01-21','2024-07-23','BATCH100785'),(786,'brand',71,'2025-07-08','2027-01-16','BATCH100786'),(787,'generic',130,'2025-08-02','2027-03-11','BATCH100787'),(788,'brand',175,'2024-04-03','2024-10-31','BATCH100788'),(789,'brand',96,'2023-02-11','2024-12-22','BATCH100789'),(790,'generic',46,'2024-03-27','2027-06-03','BATCH100790'),(791,'generic',151,'2023-03-27','2025-04-09','BATCH100791'),(792,'generic',89,'2025-03-16','2026-02-26','BATCH100792'),(793,'generic',177,'2025-09-19','2026-06-18','BATCH100793'),(794,'generic',8,'2024-06-23','2026-01-19','BATCH100794'),(795,'brand',42,'2024-01-16','2026-12-05','BATCH100795'),(796,'brand',220,'2023-11-27','2025-01-06','BATCH100796'),(797,'brand',174,'2025-08-16','2026-09-11','BATCH100797'),(798,'generic',167,'2025-05-25','2027-01-14','BATCH100798'),(799,'brand',222,'2023-06-22','2026-02-25','BATCH100799'),(800,'brand',122,'2024-04-01','2027-04-19','BATCH100800');
/*!40000 ALTER TABLE `batch` ENABLE KEYS */;
UNLOCK TABLES;

--
-- Table structure for table `brand_generic_map`
--

DROP TABLE IF EXISTS `brand_generic_map`;
/*!40101 SET @saved_cs_client     = @@character_set_client */;
/*!50503 SET character_set_client = utf8mb4 */;
CREATE TABLE `brand_generic_map` (
  `map_id` int NOT NULL AUTO_INCREMENT,
  `brand_id` int DEFAULT NULL,
  `generic_id` int DEFAULT NULL,
  `price_diff_percentage` decimal(5,2) DEFAULT NULL,
  PRIMARY KEY (`map_id`),
  KEY `brand_id` (`brand_id`),
  KEY `generic_id` (`generic_id`),
  CONSTRAINT `brand_generic_map_ibfk_1` FOREIGN KEY (`brand_id`) REFERENCES `medicine_brand` (`brand_id`),
  CONSTRAINT `brand_generic_map_ibfk_2` FOREIGN KEY (`generic_id`) REFERENCES `medicine_generic` (`generic_id`)
) ENGINE=InnoDB DEFAULT CHARSET=utf8mb4 COLLATE=utf8mb4_0900_ai_ci;
/*!40101 SET character_set_client = @saved_cs_client */;

--
-- Dumping data for table `brand_generic_map`
--

LOCK TABLES `brand_generic_map` WRITE;
/*!40000 ALTER TABLE `brand_generic_map` DISABLE KEYS */;
/*!40000 ALTER TABLE `brand_generic_map` ENABLE KEYS */;
UNLOCK TABLES;

--
-- Table structure for table `composition`
--

DROP TABLE IF EXISTS `composition`;
/*!40101 SET @saved_cs_client     = @@character_set_client */;
/*!50503 SET character_set_client = utf8mb4 */;
CREATE TABLE `composition` (
  `composition_id` int NOT NULL AUTO_INCREMENT,
  `salt_name` varchar(100) NOT NULL,
  `strength` varchar(50) DEFAULT NULL,
  `form` varchar(50) DEFAULT NULL,
  PRIMARY KEY (`composition_id`)
) ENGINE=InnoDB AUTO_INCREMENT=31 DEFAULT CHARSET=utf8mb4 COLLATE=utf8mb4_0900_ai_ci;
/*!40101 SET character_set_client = @saved_cs_client */;

--
-- Dumping data for table `composition`
--

LOCK TABLES `composition` WRITE;
/*!40000 ALTER TABLE `composition` DISABLE KEYS */;
INSERT INTO `composition` VALUES (1,'Purposeol','250 mg','syrup'),(2,'Brother','500 mg','tablet'),(3,'Agool','250 mg','injection'),(4,'Site','250 mg','capsule'),(5,'Face','250 mg','capsule'),(6,'Electionol','10 mg','capsule'),(7,'Dog','5 mg/ml','tablet'),(8,'Chairol','500 mg','injection'),(9,'Since','500 mg','capsule'),(10,'Blueol','5 mg/ml','tablet'),(11,'Require','250 mg','syrup'),(12,'Sitol','5 mg/ml','tablet'),(13,'Waitol','250 mg','injection'),(14,'Offer','5 mg/ml','syrup'),(15,'Begin','250 mg','tablet'),(16,'Performanceol','5 mg/ml','tablet'),(17,'Knowledgeol','250 mg','injection'),(18,'Almost','5 mg/ml','capsule'),(19,'All','500 mg','syrup'),(20,'Betterol','250 mg','capsule'),(21,'Discover','500 mg','capsule'),(22,'Early','5 mg/ml','capsule'),(23,'Mouthol','250 mg','capsule'),(24,'Playol','5 mg/ml','injection'),(25,'Agreement','500 mg','syrup'),(26,'Option','10 mg','injection'),(27,'Decideol','10 mg','capsule'),(28,'Sense','500 mg','syrup'),(29,'Rateol','10 mg','injection'),(30,'Science','500 mg','injection');
/*!40000 ALTER TABLE `composition` ENABLE KEYS */;
UNLOCK TABLES;

--
-- Table structure for table `govt_subsidy`
--

DROP TABLE IF EXISTS `govt_subsidy`;
/*!40101 SET @saved_cs_client     = @@character_set_client */;
/*!50503 SET character_set_client = utf8mb4 */;
CREATE TABLE `govt_subsidy` (
  `subsidy_id` int NOT NULL AUTO_INCREMENT,
  `generic_id` int DEFAULT NULL,
  `scheme_name` varchar(150) DEFAULT NULL,
  `subsidy_percentage` decimal(5,2) DEFAULT NULL,
  PRIMARY KEY (`subsidy_id`),
  KEY `generic_id` (`generic_id`),
  CONSTRAINT `govt_subsidy_ibfk_1` FOREIGN KEY (`generic_id`) REFERENCES `medicine_generic` (`generic_id`)
) ENGINE=InnoDB DEFAULT CHARSET=utf8mb4 COLLATE=utf8mb4_0900_ai_ci;
/*!40101 SET character_set_client = @saved_cs_client */;

--
-- Dumping data for table `govt_subsidy`
--

LOCK TABLES `govt_subsidy` WRITE;
/*!40000 ALTER TABLE `govt_subsidy` DISABLE KEYS */;
/*!40000 ALTER TABLE `govt_subsidy` ENABLE KEYS */;
UNLOCK TABLES;

--
-- Table structure for table `inventory`
--

DROP TABLE IF EXISTS `inventory`;
/*!40101 SET @saved_cs_client     = @@character_set_client */;
/*!50503 SET character_set_client = utf8mb4 */;
CREATE TABLE `inventory` (
  `inventory_id` int NOT NULL AUTO_INCREMENT,
  `pharmacy_id` int DEFAULT NULL,
  `medicine_type` enum('brand','generic') DEFAULT NULL,
  `medicine_id` int DEFAULT NULL,
  `batch_id` int DEFAULT NULL,
  `stock_quantity` int DEFAULT NULL,
  `expiry_date` date DEFAULT NULL,
  PRIMARY KEY (`inventory_id`),
  KEY `batch_id` (`batch_id`),
  KEY `idx_inventory_pharmacy` (`pharmacy_id`),
  CONSTRAINT `inventory_ibfk_1` FOREIGN KEY (`pharmacy_id`) REFERENCES `pharmacy` (`pharmacy_id`),
  CONSTRAINT `inventory_ibfk_2` FOREIGN KEY (`batch_id`) REFERENCES `batch` (`batch_id`)
) ENGINE=InnoDB AUTO_INCREMENT=402 DEFAULT CHARSET=utf8mb4 COLLATE=utf8mb4_0900_ai_ci;
/*!40101 SET character_set_client = @saved_cs_client */;

--
-- Dumping data for table `inventory`
--

LOCK TABLES `inventory` WRITE;
/*!40000 ALTER TABLE `inventory` DISABLE KEYS */;
INSERT INTO `inventory` VALUES (1,1,'brand',244,370,166,'2026-04-15'),(2,1,'brand',215,783,45,'2026-05-17'),(3,1,'brand',135,279,154,'2023-12-24'),(4,1,'brand',83,42,3,'2026-09-29'),(5,1,'brand',26,222,58,'2025-08-30'),(6,1,'generic',140,120,65,'2026-10-01'),(7,1,'brand',242,280,156,'2026-01-01'),(8,1,'generic',72,640,79,'2027-07-27'),(9,1,'brand',65,375,183,'2025-08-05'),(10,1,'brand',96,789,182,'2024-12-22'),(11,1,'generic',115,697,165,'2023-10-17'),(12,1,'brand',196,659,71,'2027-11-23'),(13,1,'generic',21,750,109,'2028-06-14'),(14,1,'generic',109,539,97,'2026-10-12'),(15,2,'generic',51,585,118,'2026-10-04'),(16,2,'brand',215,736,65,'2026-01-01'),(17,2,'generic',88,485,56,'2028-03-05'),(18,2,'brand',8,622,120,'2028-07-17'),(19,2,'brand',213,40,78,'2025-06-06'),(20,2,'generic',56,480,174,'2026-06-18'),(21,2,'generic',122,396,134,'2024-08-19'),(22,2,'generic',132,620,160,'2024-05-26'),(23,2,'generic',139,447,102,'2026-11-30'),(24,2,'brand',126,669,150,'2024-12-20'),(25,2,'generic',14,86,27,'2027-04-08'),(26,2,'brand',152,49,2,'2026-03-09'),(27,2,'generic',120,735,131,'2026-01-10'),(28,2,'generic',70,160,170,'2026-02-18'),(29,2,'brand',147,574,96,'2024-07-01'),(30,2,'brand',78,41,144,'2024-01-07'),(31,2,'generic',78,254,166,'2028-08-02'),(32,2,'generic',20,315,153,'2027-01-10'),(33,2,'brand',2,334,156,'2028-09-02'),(34,2,'generic',5,290,73,'2026-11-13'),(35,2,'brand',89,43,77,'2028-03-09'),(36,3,'generic',97,301,124,'2025-10-31'),(37,3,'generic',122,396,17,'2024-08-19'),(38,3,'brand',17,780,87,'2025-11-04'),(39,3,'brand',59,565,71,'2025-06-05'),(40,3,'brand',85,161,164,'2025-05-25'),(41,3,'brand',197,206,84,'2024-09-23'),(42,3,'generic',178,473,71,'2028-06-28'),(43,3,'brand',236,785,67,'2024-07-23'),(44,3,'brand',54,455,168,'2028-07-07'),(45,3,'generic',127,703,183,'2026-06-12'),(46,3,'generic',30,549,167,'2027-03-17'),(47,3,'brand',55,255,77,'2028-01-24'),(48,3,'generic',70,160,49,'2026-02-18'),(49,4,'generic',86,357,133,'2027-06-20'),(50,4,'brand',63,567,196,'2024-01-24'),(51,4,'generic',8,794,62,'2026-01-19'),(52,4,'brand',213,627,15,'2026-05-31'),(53,4,'brand',111,39,154,'2026-09-12'),(54,4,'generic',120,264,104,'2024-08-31'),(55,4,'generic',58,685,170,'2025-07-07'),(56,4,'generic',129,94,82,'2024-08-12'),(57,4,'brand',17,780,175,'2025-11-04'),(58,4,'brand',67,387,36,'2024-05-03'),(59,4,'generic',23,507,185,'2025-09-26'),(60,4,'generic',62,547,7,'2025-11-15'),(61,4,'brand',23,754,168,'2027-03-09'),(62,4,'brand',250,543,128,'2026-10-10'),(63,5,'brand',107,151,67,'2026-12-04'),(64,5,'brand',196,659,108,'2027-11-23'),(65,5,'generic',143,235,104,'2026-05-08'),(66,5,'brand',85,271,100,'2026-08-21'),(67,5,'brand',196,533,189,'2025-07-20'),(68,5,'brand',214,213,10,'2024-05-31'),(69,5,'generic',116,325,150,'2026-09-15'),(70,5,'generic',159,54,182,'2026-05-05'),(71,5,'brand',179,297,147,'2024-06-12'),(72,5,'brand',155,690,49,'2026-05-21'),(73,5,'brand',54,455,88,'2028-07-07'),(74,5,'generic',20,631,186,'2024-10-12'),(75,5,'generic',84,324,183,'2024-05-27'),(76,5,'brand',177,59,57,'2023-08-13'),(77,5,'brand',243,537,176,'2026-06-29'),(78,5,'generic',155,775,137,'2027-09-24'),(79,5,'generic',89,792,164,'2026-02-26'),(80,5,'brand',214,752,122,'2026-11-27'),(81,5,'generic',99,342,172,'2023-07-21'),(82,6,'brand',181,664,130,'2026-09-02'),(83,6,'generic',158,47,77,'2027-06-25'),(84,6,'generic',169,286,44,'2025-04-03'),(85,6,'generic',62,547,169,'2025-11-15'),(86,6,'generic',40,217,143,'2024-02-20'),(87,6,'generic',52,646,47,'2025-06-07'),(88,6,'generic',30,191,76,'2027-01-24'),(89,6,'brand',55,500,25,'2025-09-29'),(90,6,'brand',133,502,121,'2025-11-18'),(91,6,'generic',87,483,33,'2027-08-24'),(92,6,'brand',5,534,190,'2025-08-18'),(93,6,'generic',40,723,67,'2023-10-08'),(94,6,'brand',103,225,186,'2026-01-09'),(95,6,'generic',28,386,144,'2025-04-15'),(96,6,'brand',246,489,196,'2025-06-30'),(97,6,'brand',36,227,47,'2026-01-03'),(98,6,'generic',140,446,175,'2027-11-08'),(99,6,'generic',16,644,86,'2026-05-30'),(100,6,'brand',185,107,168,'2025-05-14'),(101,6,'brand',127,527,23,'2026-12-17'),(102,6,'brand',214,752,57,'2026-11-27'),(103,7,'generic',118,296,58,'2026-05-08'),(104,7,'brand',215,783,191,'2026-05-17'),(105,7,'brand',243,537,79,'2026-06-29'),(106,7,'brand',136,529,108,'2027-04-25'),(107,7,'brand',6,671,85,'2026-08-29'),(108,7,'generic',40,217,96,'2024-02-20'),(109,7,'brand',74,205,67,'2027-05-18'),(110,7,'generic',91,294,150,'2026-02-14'),(111,7,'generic',105,33,76,'2026-02-16'),(112,7,'generic',24,731,119,'2026-08-15'),(113,7,'generic',27,336,31,'2026-09-05'),(114,7,'generic',35,159,121,'2028-07-30'),(115,7,'generic',41,492,14,'2027-09-15'),(116,7,'brand',142,580,163,'2026-07-14'),(117,7,'generic',102,636,150,'2025-06-18'),(118,7,'brand',64,522,149,'2026-05-19'),(119,7,'brand',128,273,159,'2025-01-13'),(120,7,'brand',164,139,19,'2024-05-27'),(121,7,'brand',89,390,121,'2026-02-14'),(122,7,'brand',68,560,50,'2026-06-26'),(123,7,'brand',113,60,129,'2027-03-03'),(124,8,'generic',52,16,175,'2026-07-09'),(125,8,'generic',48,428,98,'2024-11-29'),(126,8,'brand',149,200,136,'2024-04-09'),(127,8,'generic',1,724,77,'2026-07-08'),(128,8,'generic',38,131,106,'2026-11-29'),(129,8,'brand',8,622,14,'2028-07-17'),(130,8,'brand',133,502,39,'2025-11-18'),(131,8,'brand',163,45,36,'2028-08-27'),(132,8,'brand',5,534,52,'2025-08-18'),(133,8,'brand',153,341,88,'2025-08-06'),(134,8,'brand',43,190,105,'2025-11-02'),(135,8,'brand',85,404,146,'2025-10-24'),(136,8,'generic',62,240,118,'2028-02-20'),(137,9,'generic',54,698,81,'2024-08-24'),(138,9,'generic',122,396,184,'2024-08-19'),(139,9,'brand',247,256,47,'2026-08-15'),(140,9,'generic',137,215,200,'2025-06-22'),(141,9,'generic',43,383,21,'2026-04-24'),(142,9,'brand',112,603,125,'2026-12-11'),(143,9,'generic',32,67,86,'2026-06-03'),(144,9,'brand',128,55,162,'2027-09-06'),(145,9,'generic',141,444,46,'2024-12-10'),(146,9,'generic',147,742,81,'2028-07-15'),(147,9,'generic',80,579,163,'2026-01-11'),(148,9,'generic',70,160,15,'2026-02-18'),(149,9,'brand',129,745,2,'2027-06-14'),(150,9,'brand',28,381,116,'2025-09-27'),(151,10,'generic',143,338,54,'2027-08-23'),(152,10,'brand',39,737,195,'2025-08-05'),(153,10,'brand',173,422,199,'2024-09-17'),(154,10,'brand',92,326,44,'2024-12-24'),(155,10,'generic',61,171,148,'2027-06-28'),(156,10,'brand',18,511,196,'2026-05-25'),(157,10,'generic',43,695,41,'2025-09-26'),(158,10,'brand',90,393,126,'2024-04-16'),(159,10,'generic',74,129,196,'2025-04-22'),(160,10,'brand',43,190,200,'2025-11-02'),(161,10,'generic',143,235,23,'2026-05-08'),(162,10,'generic',144,12,34,'2025-02-18'),(163,10,'brand',6,400,158,'2025-12-30'),(164,10,'brand',64,521,112,'2025-11-06'),(165,10,'brand',77,214,163,'2026-07-30'),(166,10,'brand',123,181,110,'2024-06-17'),(167,10,'generic',147,742,104,'2028-07-15'),(168,10,'generic',37,93,110,'2024-03-06'),(169,11,'generic',141,89,99,'2024-12-02'),(170,11,'generic',173,103,2,'2026-02-05'),(171,11,'generic',114,335,10,'2026-04-23'),(172,11,'generic',144,136,137,'2027-05-31'),(173,11,'brand',181,664,52,'2026-09-02'),(174,11,'generic',64,329,188,'2026-09-20'),(175,11,'brand',45,165,96,'2027-05-04'),(176,11,'brand',234,777,4,'2027-03-08'),(177,11,'generic',79,262,83,'2024-11-12'),(178,11,'brand',138,544,194,'2026-09-06'),(179,11,'generic',78,254,136,'2028-08-02'),(180,11,'brand',95,266,49,'2027-01-03'),(181,11,'brand',55,500,5,'2025-09-29'),(182,11,'brand',9,219,174,'2026-10-25'),(183,11,'generic',65,494,2,'2025-04-29'),(184,11,'generic',24,493,161,'2026-11-09'),(185,11,'generic',5,313,188,'2027-12-15'),(186,11,'generic',85,358,64,'2027-01-21'),(187,11,'generic',87,483,58,'2027-08-24'),(188,11,'brand',118,414,178,'2024-09-16'),(189,11,'generic',83,146,89,'2025-11-13'),(190,11,'brand',153,341,80,'2025-08-06'),(191,11,'generic',76,270,34,'2024-03-01'),(192,11,'brand',230,597,27,'2027-07-31'),(193,11,'brand',80,550,99,'2028-01-24'),(194,12,'brand',185,353,43,'2026-08-28'),(195,12,'brand',91,340,17,'2025-05-17'),(196,12,'brand',246,122,12,'2025-01-03'),(197,12,'brand',74,132,77,'2026-08-26'),(198,12,'brand',116,409,75,'2024-12-30'),(199,12,'brand',45,782,117,'2025-04-21'),(200,12,'generic',7,587,187,'2026-07-07'),(201,12,'brand',22,330,134,'2026-09-02'),(202,12,'brand',237,760,153,'2024-04-06'),(203,12,'generic',96,285,135,'2024-05-06'),(204,12,'generic',124,351,87,'2027-03-04'),(205,12,'generic',139,739,112,'2026-01-19'),(206,12,'brand',12,596,176,'2027-01-24'),(207,12,'generic',72,640,35,'2027-07-27'),(208,12,'brand',93,530,88,'2026-05-20'),(209,12,'generic',122,396,126,'2024-08-19'),(210,12,'brand',6,671,92,'2026-08-29'),(211,12,'generic',31,557,193,'2026-08-16'),(212,12,'generic',126,438,49,'2026-04-27'),(213,13,'brand',9,641,104,'2026-01-09'),(214,13,'generic',160,583,5,'2025-07-30'),(215,13,'brand',184,376,59,'2027-06-06'),(216,13,'generic',24,248,58,'2026-07-05'),(217,13,'generic',17,479,187,'2027-05-21'),(218,13,'brand',106,114,34,'2026-05-02'),(219,13,'brand',133,403,55,'2026-04-22'),(220,13,'brand',249,772,188,'2027-08-18'),(221,13,'generic',173,250,6,'2025-01-20'),(222,13,'generic',64,9,151,'2028-02-09'),(223,13,'brand',118,119,130,'2026-11-24'),(224,13,'brand',69,658,44,'2027-07-18'),(225,13,'generic',18,398,32,'2026-07-27'),(226,13,'generic',85,172,94,'2025-05-24'),(227,13,'brand',247,362,183,'2024-11-10'),(228,14,'generic',24,493,97,'2026-11-09'),(229,14,'brand',63,567,164,'2024-01-24'),(230,14,'brand',105,143,66,'2027-02-05'),(231,14,'generic',139,447,198,'2026-11-30'),(232,14,'brand',78,41,137,'2024-01-07'),(233,14,'generic',160,583,160,'2025-07-30'),(234,14,'generic',35,781,13,'2027-04-03'),(235,14,'brand',134,395,153,'2026-02-05'),(236,14,'generic',94,84,13,'2026-07-03'),(237,14,'brand',168,299,170,'2026-06-04'),(238,14,'brand',249,236,28,'2026-05-06'),(239,15,'brand',25,624,13,'2024-08-26'),(240,15,'brand',169,382,177,'2026-11-18'),(241,15,'generic',140,449,30,'2026-09-03'),(242,15,'generic',144,136,107,'2027-05-31'),(243,15,'generic',168,466,114,'2024-11-06'),(244,15,'generic',10,155,98,'2025-01-15'),(245,15,'generic',35,83,32,'2027-10-22'),(246,15,'generic',44,108,141,'2027-01-31'),(247,15,'generic',137,460,65,'2024-06-15'),(248,15,'brand',183,595,122,'2024-06-15'),(249,16,'generic',85,172,53,'2025-05-24'),(250,16,'generic',23,453,178,'2026-04-06'),(251,16,'generic',111,359,176,'2026-04-09'),(252,16,'brand',18,511,162,'2026-05-25'),(253,16,'generic',140,446,3,'2027-11-08'),(254,16,'generic',56,480,78,'2026-06-18'),(255,16,'generic',102,130,108,'2028-06-11'),(256,16,'brand',128,273,170,'2025-01-13'),(257,16,'brand',18,283,26,'2027-01-28'),(258,16,'brand',12,566,170,'2026-07-03'),(259,16,'brand',204,24,134,'2027-02-27'),(260,16,'brand',142,260,70,'2025-02-27'),(261,16,'brand',16,188,160,'2026-11-23'),(262,16,'brand',190,268,156,'2024-04-25'),(263,17,'brand',139,202,108,'2028-09-13'),(264,17,'brand',43,190,27,'2025-11-02'),(265,17,'generic',178,505,131,'2023-12-25'),(266,17,'brand',185,353,185,'2026-08-28'),(267,17,'generic',157,121,159,'2026-04-23'),(268,17,'brand',183,23,31,'2026-07-16'),(269,17,'brand',84,365,73,'2026-02-11'),(270,17,'brand',128,74,30,'2028-11-14'),(271,17,'brand',65,375,28,'2025-08-05'),(272,17,'brand',126,669,128,'2024-12-20'),(273,17,'generic',105,238,51,'2024-10-01'),(274,17,'generic',168,134,156,'2024-03-14'),(275,17,'generic',123,144,52,'2025-03-19'),(276,17,'brand',123,169,200,'2025-03-25'),(277,18,'brand',196,659,134,'2027-11-23'),(278,18,'generic',146,665,52,'2025-08-20'),(279,18,'brand',3,284,92,'2024-09-06'),(280,18,'generic',102,636,181,'2025-06-18'),(281,18,'generic',140,120,105,'2026-10-01'),(282,18,'brand',224,251,76,'2025-12-08'),(283,18,'brand',199,454,42,'2027-06-01'),(284,18,'brand',176,310,11,'2027-01-16'),(285,18,'brand',213,627,141,'2026-05-31'),(286,18,'generic',122,396,128,'2024-08-19'),(287,18,'generic',166,401,54,'2025-12-26'),(288,18,'brand',207,459,177,'2023-10-21'),(289,18,'brand',17,349,124,'2026-01-30'),(290,18,'brand',62,221,85,'2026-03-25'),(291,18,'generic',148,364,61,'2028-02-19'),(292,18,'generic',168,466,1,'2024-11-06'),(293,18,'brand',32,626,4,'2024-08-22'),(294,18,'generic',51,585,172,'2026-10-04'),(295,19,'brand',149,200,29,'2024-04-09'),(296,19,'generic',121,141,147,'2024-01-11'),(297,19,'generic',58,441,172,'2026-12-22'),(298,19,'brand',32,626,127,'2024-08-22'),(299,19,'brand',59,308,39,'2025-08-05'),(300,19,'generic',61,171,24,'2027-06-28'),(301,19,'brand',164,139,200,'2024-05-27'),(302,19,'generic',120,29,131,'2025-12-13'),(303,19,'generic',102,408,20,'2025-12-09'),(304,19,'brand',8,622,186,'2028-07-17'),(305,19,'generic',28,386,186,'2025-04-15'),(306,19,'brand',239,367,26,'2025-01-16'),(307,20,'generic',148,229,165,'2026-10-22'),(308,20,'generic',20,187,60,'2026-02-19'),(309,20,'generic',8,715,117,'2027-04-08'),(310,20,'generic',159,54,76,'2026-05-05'),(311,20,'generic',137,215,68,'2025-06-22'),(312,20,'generic',20,631,119,'2024-10-12'),(313,20,'generic',1,199,13,'2026-02-20'),(314,20,'brand',18,283,26,'2027-01-28'),(315,20,'generic',168,763,45,'2025-02-15'),(316,20,'brand',95,563,11,'2025-03-18'),(317,20,'generic',63,258,75,'2027-11-10'),(318,20,'brand',200,2,93,'2027-11-27'),(319,20,'generic',43,555,174,'2027-03-01'),(320,20,'brand',239,367,81,'2025-01-16'),(321,20,'brand',105,719,110,'2027-12-12'),(322,20,'brand',230,307,190,'2025-03-10'),(323,20,'generic',6,198,30,'2025-03-14'),(324,20,'brand',153,341,25,'2025-08-06'),(325,21,'brand',48,337,3,'2025-10-26'),(326,21,'generic',5,313,36,'2027-12-15'),(327,21,'generic',145,101,170,'2025-06-07'),(328,21,'generic',126,438,166,'2026-04-27'),(329,21,'brand',53,727,44,'2025-02-02'),(330,21,'generic',168,763,85,'2025-02-15'),(331,21,'generic',117,394,92,'2025-09-27'),(332,21,'generic',145,196,113,'2025-11-23'),(333,21,'generic',15,562,160,'2026-01-14'),(334,21,'brand',77,360,69,'2025-12-27'),(335,21,'brand',183,595,188,'2024-06-15'),(336,22,'brand',26,140,96,'2026-05-10'),(337,22,'generic',122,96,88,'2026-03-23'),(338,22,'brand',51,632,47,'2026-05-14'),(339,22,'generic',117,394,30,'2025-09-27'),(340,22,'generic',21,44,103,'2025-07-26'),(341,22,'brand',9,784,103,'2027-02-23'),(342,22,'brand',185,107,117,'2025-05-14'),(343,22,'generic',180,497,70,'2027-04-04'),(344,22,'brand',93,352,99,'2025-12-16'),(345,22,'brand',78,41,177,'2024-01-07'),(346,22,'brand',240,203,123,'2027-06-17'),(347,22,'brand',51,632,108,'2026-05-14'),(348,23,'generic',64,329,29,'2026-09-20'),(349,23,'brand',90,699,34,'2025-02-17'),(350,23,'brand',199,677,179,'2025-11-11'),(351,23,'generic',53,246,186,'2024-05-06'),(352,23,'brand',105,143,16,'2027-02-05'),(353,23,'generic',123,649,41,'2026-09-15'),(354,23,'brand',147,445,27,'2026-06-12'),(355,23,'brand',136,7,107,'2026-03-17'),(356,23,'brand',79,729,152,'2028-01-15'),(357,23,'brand',39,586,124,'2025-10-03'),(358,23,'brand',123,253,146,'2024-02-13'),(359,23,'generic',35,781,174,'2027-04-03'),(360,23,'brand',9,219,113,'2026-10-25'),(361,23,'brand',145,384,47,'2026-11-21'),(362,23,'generic',158,220,157,'2028-05-09'),(363,24,'generic',83,146,200,'2025-11-13'),(364,24,'generic',145,582,92,'2026-03-12'),(365,24,'generic',102,636,157,'2025-06-18'),(366,24,'brand',169,382,8,'2026-11-18'),(367,24,'brand',95,563,176,'2025-03-18'),(368,24,'generic',94,84,187,'2026-07-03'),(369,24,'brand',230,307,34,'2025-03-10'),(370,24,'generic',132,263,124,'2028-06-09'),(371,24,'brand',246,489,125,'2025-06-30'),(372,24,'brand',7,10,29,'2025-10-10'),(373,24,'generic',168,134,106,'2024-03-14'),(374,24,'brand',123,181,113,'2024-06-17'),(375,24,'brand',176,310,12,'2027-01-16'),(376,24,'brand',143,429,17,'2024-04-30'),(377,24,'generic',45,18,67,'2026-07-12'),(378,24,'generic',32,67,168,'2026-06-03'),(379,24,'brand',50,293,81,'2026-02-26'),(380,24,'brand',133,502,4,'2025-11-18'),(381,24,'brand',102,259,181,'2027-05-23'),(382,24,'generic',100,651,174,'2026-01-14'),(383,24,'generic',120,264,135,'2024-08-31'),(384,24,'brand',106,113,197,'2027-07-29'),(385,25,'generic',80,579,172,'2026-01-11'),(386,25,'generic',15,562,87,'2026-01-14'),(387,25,'generic',100,651,133,'2026-01-14'),(388,25,'brand',199,454,134,'2027-06-01'),(389,25,'brand',147,189,177,'2026-05-09'),(390,25,'brand',45,165,180,'2027-05-04'),(391,25,'generic',16,115,159,'2027-03-29'),(392,25,'generic',3,503,25,'2026-04-08'),(393,25,'generic',144,435,111,'2026-08-25'),(394,25,'generic',96,629,170,'2026-05-02'),(395,25,'brand',183,23,187,'2026-07-16'),(396,25,'brand',87,714,64,'2027-05-23'),(397,25,'generic',51,585,124,'2026-10-04'),(398,25,'brand',133,502,89,'2025-11-18'),(399,25,'generic',83,146,170,'2025-11-13'),(400,25,'brand',10,95,174,'2025-06-22'),(401,25,'generic',143,92,165,'2026-07-16');
/*!40000 ALTER TABLE `inventory` ENABLE KEYS */;
UNLOCK TABLES;

--
-- Table structure for table `manufacturer`
--

DROP TABLE IF EXISTS `manufacturer`;
/*!40101 SET @saved_cs_client     = @@character_set_client */;
/*!50503 SET character_set_client = utf8mb4 */;
CREATE TABLE `manufacturer` (
  `manufacturer_id` int NOT NULL AUTO_INCREMENT,
  `name` varchar(150) NOT NULL,
  `address` varchar(250) DEFAULT NULL,
  PRIMARY KEY (`manufacturer_id`)
) ENGINE=InnoDB AUTO_INCREMENT=13 DEFAULT CHARSET=utf8mb4 COLLATE=utf8mb4_0900_ai_ci;
/*!40101 SET character_set_client = @saved_cs_client */;

--
-- Dumping data for table `manufacturer`
--

LOCK TABLES `manufacturer` WRITE;
/*!40000 ALTER TABLE `manufacturer` DISABLE KEYS */;
INSERT INTO `manufacturer` VALUES (1,'Barnes, Cole and Ramirez','654 Jason Track, Curtisfurt, CT 47553'),(2,'Munoz-Roman','1849 Ray Squares, North Donnaport, CO 31013'),(3,'James Group','55341 Amanda Gardens Apt. 764, Lake Mark, WI 07832'),(4,'Underwood LLC','95376 Thomas Dam, Lake Anna, KS 98413'),(5,'Patterson, Silva and Cox','Unit 2871 Box 0122, DPO AP 55834'),(6,'Brown, James and Ferrell','184 Rodriguez Mews, South Aaron, VA 94830'),(7,'Stanton-Gill','489 Eric Track, New Stephanie, NC 00575'),(8,'Nguyen, Smith and Hickman','03911 Cabrera Trace Apt. 278, West Allison, PA 55962'),(9,'Hickman Ltd','5787 John Circles Suite 098, New Jeffrey, CA 93279'),(10,'Brown, Jones and Johnson','7382 Sanchez Mountains, Leeville, TN 56999'),(11,'Henderson-Owens','65133 Amanda Dam, Whitemouth, IA 10381'),(12,'Morton-Chase','32677 Michelle Circle, South Aaron, MS 35261');
/*!40000 ALTER TABLE `manufacturer` ENABLE KEYS */;
UNLOCK TABLES;

--
-- Table structure for table `medicine_brand`
--

DROP TABLE IF EXISTS `medicine_brand`;
/*!40101 SET @saved_cs_client     = @@character_set_client */;
/*!50503 SET character_set_client = utf8mb4 */;
CREATE TABLE `medicine_brand` (
  `brand_id` int NOT NULL AUTO_INCREMENT,
  `brand_name` varchar(150) NOT NULL,
  `composition_id` int DEFAULT NULL,
  `price` decimal(10,2) DEFAULT NULL,
  `manufacturer_id` int DEFAULT NULL,
  `category_id` int DEFAULT NULL,
  PRIMARY KEY (`brand_id`),
  KEY `composition_id` (`composition_id`),
  KEY `manufacturer_id` (`manufacturer_id`),
  KEY `category_id` (`category_id`),
  CONSTRAINT `medicine_brand_ibfk_1` FOREIGN KEY (`composition_id`) REFERENCES `composition` (`composition_id`),
  CONSTRAINT `medicine_brand_ibfk_2` FOREIGN KEY (`manufacturer_id`) REFERENCES `manufacturer` (`manufacturer_id`),
  CONSTRAINT `medicine_brand_ibfk_3` FOREIGN KEY (`category_id`) REFERENCES `medicine_category` (`category_id`)
) ENGINE=InnoDB AUTO_INCREMENT=251 DEFAULT CHARSET=utf8mb4 COLLATE=utf8mb4_0900_ai_ci;
/*!40101 SET character_set_client = @saved_cs_client */;

--
-- Dumping data for table `medicine_brand`
--

LOCK TABLES `medicine_brand` WRITE;
/*!40000 ALTER TABLE `medicine_brand` DISABLE KEYS */;
INSERT INTO `medicine_brand` VALUES (1,'Care Pharma',23,396.59,12,4),(2,'Analysis Labs',26,43.28,5,2),(3,'Foot Labs',23,217.34,11,5),(4,'His Labs',16,456.17,6,4),(5,'Way Healthcare',18,284.71,12,4),(6,'Worker Labs',10,223.58,2,6),(7,'Style Pharma',11,122.06,9,6),(8,'Traditional Pharma',7,196.62,8,3),(9,'Among Healthcare',19,781.99,9,5),(10,'Way Labs',4,671.12,5,2),(11,'Help Labs',6,262.75,12,5),(12,'Develop Pharma',9,65.05,1,5),(13,'Rest Labs',23,756.95,11,4),(14,'Enjoy Pharma',28,39.44,5,4),(15,'Reflect Labs',15,292.34,1,3),(16,'Board Labs',4,663.03,7,4),(17,'Health Pharma',19,514.67,1,2),(18,'State Pharma',26,463.39,5,1),(19,'Opportunity Pharma',4,459.72,7,5),(20,'Usually Healthcare',26,506.18,9,4),(21,'Two Labs',30,370.90,10,4),(22,'Investment Labs',19,508.19,10,6),(23,'Pressure Pharma',25,190.00,4,3),(24,'So Healthcare',3,150.93,3,5),(25,'Clear Pharma',6,32.06,8,6),(26,'Wish Healthcare',16,254.27,4,3),(27,'Wonder Healthcare',10,571.30,8,1),(28,'Economic Healthcare',8,741.41,11,5),(29,'Treatment Healthcare',26,748.92,7,1),(30,'Commercial Healthcare',8,528.68,5,2),(31,'Such Pharma',2,157.76,5,5),(32,'Talk Healthcare',27,468.29,5,4),(33,'Cost Pharma',15,560.28,12,4),(34,'Upon Labs',17,445.79,8,1),(35,'Itself Healthcare',2,714.86,12,3),(36,'Ago Healthcare',9,49.92,4,6),(37,'Country Healthcare',19,762.11,11,3),(38,'Since Healthcare',2,617.59,3,4),(39,'Window Healthcare',21,370.52,5,2),(40,'Go Healthcare',14,518.78,8,1),(41,'Stay Labs',12,344.43,6,6),(42,'Word Pharma',28,153.84,7,6),(43,'Its Labs',10,540.19,7,5),(44,'Suffer Pharma',15,97.81,5,3),(45,'Relationship Pharma',25,341.21,9,1),(46,'Treat Healthcare',28,447.80,7,1),(47,'Simple Pharma',17,308.57,8,6),(48,'Talk Labs',25,69.74,5,5),(49,'Energy Pharma',30,251.78,12,4),(50,'Example Pharma',1,779.32,10,2),(51,'Collection Healthcare',6,269.28,1,5),(52,'Store Labs',3,203.02,2,4),(53,'Science Pharma',21,670.75,8,6),(54,'Box Labs',17,573.17,7,4),(55,'Idea Labs',8,381.73,3,4),(56,'Turn Pharma',30,491.52,12,2),(57,'American Pharma',9,624.96,7,3),(58,'Town Healthcare',9,661.82,5,6),(59,'Many Labs',27,481.94,11,4),(60,'Doctor Pharma',15,444.71,6,3),(61,'Decision Healthcare',25,448.44,8,3),(62,'Technology Pharma',23,213.88,7,2),(63,'Why Labs',2,275.00,8,6),(64,'Magazine Labs',13,791.08,11,2),(65,'Hard Labs',2,127.21,10,3),(66,'Focus Pharma',28,680.68,2,5),(67,'Tend Labs',1,586.28,7,6),(68,'Stuff Pharma',3,391.51,5,3),(69,'Try Healthcare',23,336.06,2,3),(70,'Drive Healthcare',28,440.89,6,6),(71,'Dog Healthcare',29,614.74,9,1),(72,'Agent Healthcare',3,210.77,11,3),(73,'Receive Pharma',24,99.59,2,6),(74,'Data Healthcare',28,107.39,3,6),(75,'Inside Labs',29,52.29,6,1),(76,'Get Labs',12,318.63,3,2),(77,'Family Healthcare',14,465.76,3,2),(78,'Treatment Pharma',3,499.31,7,5),(79,'Available Healthcare',8,413.20,10,2),(80,'Spring Pharma',15,521.19,8,3),(81,'Family Healthcare',1,722.16,8,3),(82,'Have Healthcare',18,151.64,8,3),(83,'Put Healthcare',10,521.98,7,6),(84,'Mr Labs',15,680.88,4,4),(85,'Instead Labs',4,212.65,10,3),(86,'Respond Healthcare',10,794.37,5,1),(87,'Threat Healthcare',13,241.35,10,6),(88,'Not Healthcare',2,731.18,12,4),(89,'Glass Labs',25,645.12,10,3),(90,'Wrong Pharma',21,176.40,5,6),(91,'Ahead Healthcare',25,537.57,3,6),(92,'Business Pharma',29,513.14,1,3),(93,'Understand Labs',2,476.27,12,2),(94,'Every Pharma',30,257.24,12,4),(95,'Could Pharma',7,131.76,9,3),(96,'Partner Healthcare',17,733.38,3,3),(97,'Evidence Labs',26,257.26,6,1),(98,'American Labs',3,138.38,4,6),(99,'Boy Healthcare',22,784.56,9,3),(100,'Pick Pharma',26,333.82,5,5),(101,'Leader Pharma',15,313.81,12,6),(102,'Hair Labs',19,323.39,11,3),(103,'Shoulder Pharma',22,210.04,1,5),(104,'Stop Healthcare',11,734.75,4,6),(105,'Former Pharma',21,664.37,12,3),(106,'Least Healthcare',14,119.84,1,1),(107,'Police Labs',16,119.41,4,5),(108,'Much Pharma',13,379.31,11,6),(109,'Business Healthcare',18,352.73,12,6),(110,'Image Pharma',29,349.46,2,4),(111,'We Healthcare',14,753.07,5,1),(112,'Part Healthcare',12,197.30,8,2),(113,'Customer Labs',4,785.31,6,5),(114,'Environmental Healthcare',12,76.62,5,2),(115,'Another Pharma',28,664.63,2,6),(116,'Section Pharma',21,522.41,1,1),(117,'Least Labs',8,791.39,10,2),(118,'Ability Pharma',27,619.17,4,5),(119,'Nature Pharma',27,699.67,6,2),(120,'Wish Healthcare',1,243.50,3,2),(121,'Sure Healthcare',9,644.86,2,6),(122,'Nothing Pharma',5,41.44,4,5),(123,'Right Labs',1,164.17,1,2),(124,'Serve Healthcare',14,435.09,12,1),(125,'Yard Labs',15,629.07,9,5),(126,'Site Pharma',15,417.96,10,1),(127,'Since Healthcare',26,729.74,11,5),(128,'Religious Labs',15,525.37,1,1),(129,'Debate Labs',28,339.25,11,1),(130,'Himself Labs',23,730.47,2,1),(131,'Lawyer Labs',20,144.22,3,3),(132,'Available Healthcare',21,480.73,12,3),(133,'Red Labs',20,438.53,8,5),(134,'Wife Healthcare',14,106.37,12,1),(135,'Give Healthcare',21,705.83,9,6),(136,'Price Pharma',14,377.70,4,4),(137,'Former Labs',27,379.19,7,6),(138,'Record Pharma',11,358.61,11,3),(139,'Thus Labs',5,558.85,8,1),(140,'Capital Pharma',27,95.73,7,1),(141,'Service Healthcare',24,316.94,3,5),(142,'We Pharma',19,766.60,9,3),(143,'First Healthcare',4,346.32,11,4),(144,'Movement Healthcare',2,775.67,10,3),(145,'For Labs',4,475.00,4,2),(146,'Reflect Healthcare',16,202.67,2,3),(147,'Issue Healthcare',12,118.46,5,5),(148,'General Pharma',26,360.42,9,5),(149,'Interesting Healthcare',22,524.88,1,5),(150,'Same Healthcare',27,563.97,1,2),(151,'Find Labs',23,617.06,6,3),(152,'Once Pharma',6,699.79,10,6),(153,'Care Labs',3,139.24,11,1),(154,'Dark Pharma',24,438.47,7,4),(155,'Kitchen Labs',11,151.21,5,6),(156,'Red Labs',25,754.88,10,1),(157,'Yard Pharma',5,151.21,10,1),(158,'Hundred Healthcare',3,239.52,11,4),(159,'Research Labs',20,370.37,5,2),(160,'Smile Healthcare',4,295.78,2,3),(161,'Weight Healthcare',22,486.71,9,6),(162,'Contain Labs',2,199.80,10,1),(163,'Power Pharma',7,262.09,4,2),(164,'Outside Labs',10,282.65,1,4),(165,'Fish Healthcare',14,165.28,7,5),(166,'Into Healthcare',8,415.20,11,3),(167,'Official Pharma',13,693.56,1,4),(168,'These Pharma',15,739.30,6,5),(169,'A Labs',19,341.41,11,4),(170,'Fly Labs',4,341.87,6,2),(171,'Few Healthcare',15,670.66,6,1),(172,'Develop Labs',28,111.51,7,5),(173,'Law Labs',17,90.56,5,6),(174,'Stock Labs',8,286.46,3,1),(175,'Particularly Healthcare',21,117.80,9,2),(176,'Policy Labs',12,590.08,11,2),(177,'Real Pharma',4,142.76,4,2),(178,'Fund Healthcare',5,615.37,11,1),(179,'Make Pharma',25,513.52,8,5),(180,'Letter Healthcare',15,554.47,10,6),(181,'Letter Healthcare',20,278.87,11,3),(182,'Republican Pharma',15,82.58,8,6),(183,'Different Labs',26,241.50,1,3),(184,'Much Healthcare',3,269.01,8,1),(185,'Material Pharma',12,670.41,2,6),(186,'Student Pharma',20,487.44,7,4),(187,'Wear Healthcare',18,764.76,12,1),(188,'Style Labs',30,653.56,11,2),(189,'Simply Labs',20,396.23,3,1),(190,'Condition Labs',4,654.44,6,6),(191,'Reason Pharma',17,527.52,1,2),(192,'Become Healthcare',15,793.06,9,5),(193,'Federal Healthcare',6,310.20,5,4),(194,'Myself Labs',25,290.54,10,1),(195,'Record Healthcare',21,287.68,6,1),(196,'Property Healthcare',22,327.65,5,6),(197,'President Healthcare',30,494.08,3,3),(198,'Government Pharma',19,540.98,6,3),(199,'Better Healthcare',23,539.84,3,5),(200,'Tell Healthcare',3,268.38,7,6),(201,'Society Labs',27,128.40,12,6),(202,'Easy Healthcare',30,435.32,11,6),(203,'Remember Labs',17,308.61,6,3),(204,'Force Pharma',7,293.13,8,2),(205,'Down Pharma',5,149.31,5,1),(206,'Sure Healthcare',25,445.62,12,5),(207,'Decide Pharma',22,289.31,10,2),(208,'Choice Healthcare',13,148.77,3,6),(209,'Ago Healthcare',26,725.05,12,4),(210,'Any Pharma',14,310.51,12,2),(211,'Election Labs',20,249.39,12,4),(212,'May Pharma',18,214.16,8,2),(213,'Popular Labs',22,759.29,8,4),(214,'To Labs',25,324.04,9,4),(215,'Special Pharma',27,183.77,10,2),(216,'Baby Labs',2,523.71,6,5),(217,'Lose Pharma',23,681.34,2,3),(218,'Join Pharma',25,153.44,8,5),(219,'Various Pharma',27,366.85,4,4),(220,'Professional Labs',30,50.54,1,4),(221,'Parent Healthcare',12,211.55,2,3),(222,'Day Pharma',1,275.39,2,6),(223,'Serious Healthcare',11,639.36,3,1),(224,'Same Labs',30,668.92,12,2),(225,'If Healthcare',16,375.42,1,1),(226,'Miss Pharma',9,196.05,3,5),(227,'Instead Healthcare',20,436.38,2,3),(228,'Either Pharma',10,123.82,4,4),(229,'Choose Healthcare',26,509.56,2,1),(230,'Reality Labs',20,442.76,11,5),(231,'Rise Healthcare',8,583.28,5,4),(232,'Accept Pharma',20,301.67,10,4),(233,'Walk Pharma',22,544.53,9,3),(234,'Social Pharma',17,448.94,9,5),(235,'Traditional Pharma',13,702.47,1,6),(236,'Speech Labs',12,225.31,1,3),(237,'Value Pharma',12,215.67,11,6),(238,'Both Pharma',25,478.07,6,2),(239,'Start Pharma',12,450.43,11,2),(240,'Large Healthcare',15,785.23,8,6),(241,'Discuss Pharma',26,133.84,12,4),(242,'Control Pharma',10,185.23,4,1),(243,'Summer Labs',30,268.76,7,5),(244,'Safe Labs',9,58.20,11,2),(245,'National Labs',12,693.85,1,6),(246,'Majority Labs',9,125.85,6,4),(247,'Apply Labs',24,368.60,7,3),(248,'Onto Pharma',16,562.89,6,5),(249,'Enjoy Labs',26,93.61,7,1),(250,'Whose Labs',20,796.23,3,5);
/*!40000 ALTER TABLE `medicine_brand` ENABLE KEYS */;
UNLOCK TABLES;

--
-- Table structure for table `medicine_category`
--

DROP TABLE IF EXISTS `medicine_category`;
/*!40101 SET @saved_cs_client     = @@character_set_client */;
/*!50503 SET character_set_client = utf8mb4 */;
CREATE TABLE `medicine_category` (
  `category_id` int NOT NULL AUTO_INCREMENT,
  `category_name` varchar(100) NOT NULL,
  PRIMARY KEY (`category_id`)
) ENGINE=InnoDB AUTO_INCREMENT=7 DEFAULT CHARSET=utf8mb4 COLLATE=utf8mb4_0900_ai_ci;
/*!40101 SET character_set_client = @saved_cs_client */;

--
-- Dumping data for table `medicine_category`
--

LOCK TABLES `medicine_category` WRITE;
/*!40000 ALTER TABLE `medicine_category` DISABLE KEYS */;
INSERT INTO `medicine_category` VALUES (1,'Antibiotic'),(2,'Painkiller'),(3,'Antacid'),(4,'Vitamin'),(5,'Antihistamine'),(6,'Antidepressant');
/*!40000 ALTER TABLE `medicine_category` ENABLE KEYS */;
UNLOCK TABLES;

--
-- Table structure for table `medicine_generic`
--

DROP TABLE IF EXISTS `medicine_generic`;
/*!40101 SET @saved_cs_client     = @@character_set_client */;
/*!50503 SET character_set_client = utf8mb4 */;
CREATE TABLE `medicine_generic` (
  `generic_id` int NOT NULL AUTO_INCREMENT,
  `generic_name` varchar(150) NOT NULL,
  `composition_id` int DEFAULT NULL,
  `price` decimal(10,2) DEFAULT NULL,
  `manufacturer_id` int DEFAULT NULL,
  `category_id` int DEFAULT NULL,
  PRIMARY KEY (`generic_id`),
  KEY `composition_id` (`composition_id`),
  KEY `manufacturer_id` (`manufacturer_id`),
  KEY `category_id` (`category_id`),
  CONSTRAINT `medicine_generic_ibfk_1` FOREIGN KEY (`composition_id`) REFERENCES `composition` (`composition_id`),
  CONSTRAINT `medicine_generic_ibfk_2` FOREIGN KEY (`manufacturer_id`) REFERENCES `manufacturer` (`manufacturer_id`),
  CONSTRAINT `medicine_generic_ibfk_3` FOREIGN KEY (`category_id`) REFERENCES `medicine_category` (`category_id`)
) ENGINE=InnoDB AUTO_INCREMENT=181 DEFAULT CHARSET=utf8mb4 COLLATE=utf8mb4_0900_ai_ci;
/*!40101 SET character_set_client = @saved_cs_client */;

--
-- Dumping data for table `medicine_generic`
--

LOCK TABLES `medicine_generic` WRITE;
/*!40000 ALTER TABLE `medicine_generic` DISABLE KEYS */;
INSERT INTO `medicine_generic` VALUES (1,'Withgen',3,231.62,2,2),(2,'Stepgen',21,64.79,11,4),(3,'Stillgen',20,37.79,7,5),(4,'Lookgen',15,168.15,9,1),(5,'Feelinggen',22,221.80,11,5),(6,'Landgen',25,94.71,11,3),(7,'Samegen',4,102.18,3,4),(8,'Sidegen',1,287.07,12,3),(9,'Stepgen',17,233.35,9,1),(10,'Onlygen',28,195.08,11,5),(11,'Recentlygen',20,75.70,6,2),(12,'Seriousgen',18,286.98,9,1),(13,'Messagegen',20,110.76,1,1),(14,'Cleargen',30,121.63,5,2),(15,'Customergen',2,87.44,10,1),(16,'Finegen',3,224.93,2,5),(17,'Directorgen',25,55.21,11,4),(18,'Articlegen',18,66.24,9,5),(19,'Particularlygen',14,290.02,9,6),(20,'Simplygen',23,76.32,5,4),(21,'Occurgen',22,201.97,8,5),(22,'Askgen',15,53.88,4,1),(23,'Smallgen',11,25.89,9,2),(24,'Formergen',19,81.66,2,6),(25,'Artgen',21,36.48,2,1),(26,'Applygen',28,112.52,9,2),(27,'Patterngen',9,207.31,4,5),(28,'Megen',5,222.54,10,5),(29,'Morninggen',16,88.04,8,4),(30,'Widegen',7,46.41,11,4),(31,'Tonightgen',12,138.60,8,6),(32,'Nicegen',2,208.54,11,1),(33,'Coachgen',2,132.73,6,1),(34,'Artgen',8,73.65,9,4),(35,'Moviegen',5,138.13,5,4),(36,'Begen',8,264.86,2,4),(37,'Todaygen',26,261.18,9,1),(38,'Culturalgen',2,202.60,9,1),(39,'Authoritygen',3,279.38,4,2),(40,'Physicalgen',14,155.98,4,4),(41,'Authorgen',29,36.42,7,1),(42,'Republicangen',13,94.26,8,3),(43,'Traininggen',14,215.05,12,5),(44,'Easygen',22,221.15,3,2),(45,'Internationalgen',10,80.96,1,5),(46,'Callgen',24,171.81,12,3),(47,'Yeargen',2,34.04,8,5),(48,'Voicegen',30,258.76,3,1),(49,'Overgen',17,42.43,3,1),(50,'Employeegen',20,39.03,4,4),(51,'Particulargen',4,283.65,10,2),(52,'Phonegen',19,186.47,10,1),(53,'Amonggen',14,204.06,10,5),(54,'Presidentgen',11,281.72,4,6),(55,'Beatgen',23,107.97,5,4),(56,'Kindgen',5,208.07,5,4),(57,'Reallygen',11,280.13,2,1),(58,'Pastgen',15,193.92,10,1),(59,'Othergen',3,170.54,9,3),(60,'Necessarygen',5,281.31,2,2),(61,'Fourgen',12,99.80,8,5),(62,'Worrygen',23,104.70,11,5),(63,'Everygen',1,207.00,9,3),(64,'Democraticgen',30,205.75,3,3),(65,'Relationshipgen',4,269.12,12,5),(66,'Sensegen',5,96.26,10,2),(67,'Formergen',23,116.01,11,6),(68,'Edgegen',28,93.92,8,3),(69,'Evidencegen',29,274.28,1,1),(70,'Individualgen',21,138.60,5,1),(71,'Catchgen',1,113.40,3,6),(72,'Remaingen',9,65.24,8,5),(73,'Quitegen',23,139.75,1,1),(74,'Firstgen',3,284.61,12,2),(75,'Lotgen',18,30.09,6,5),(76,'Fourgen',18,61.47,3,1),(77,'Womangen',10,122.10,1,3),(78,'Societygen',7,210.98,11,1),(79,'Wouldgen',12,238.43,7,5),(80,'Babygen',24,63.27,4,2),(81,'Actgen',26,247.02,7,1),(82,'Lowgen',6,226.24,6,4),(83,'Prettygen',26,207.57,12,2),(84,'Ordergen',9,64.58,12,1),(85,'Blackgen',13,264.21,8,2),(86,'Backgen',7,248.64,8,3),(87,'Notegen',10,249.75,4,2),(88,'Differentgen',1,204.81,7,3),(89,'Movegen',9,262.02,5,3),(90,'Evidencegen',21,162.63,11,5),(91,'Causegen',11,282.99,2,3),(92,'Workergen',6,182.57,5,1),(93,'Happygen',4,187.04,6,6),(94,'Upongen',26,107.83,10,5),(95,'Authoritygen',4,127.85,10,2),(96,'Untilgen',9,32.43,7,1),(97,'Electiongen',17,279.16,9,6),(98,'Hopegen',24,283.27,12,6),(99,'Feelgen',7,121.98,2,6),(100,'Coachgen',30,112.46,6,6),(101,'Leftgen',28,54.90,5,5),(102,'Thesegen',10,206.73,6,4),(103,'Ofgen',23,102.78,3,2),(104,'Scoregen',14,206.18,7,6),(105,'Fivegen',24,272.79,10,5),(106,'Populationgen',10,133.70,1,3),(107,'Surfacegen',10,78.85,10,5),(108,'Readygen',21,110.23,8,4),(109,'Newspapergen',22,79.84,8,6),(110,'Acrossgen',6,204.48,5,5),(111,'Regiongen',22,197.22,6,1),(112,'Technologygen',27,286.56,4,6),(113,'Oncegen',10,82.90,4,2),(114,'Firmgen',1,32.94,8,5),(115,'Workgen',28,235.18,8,4),(116,'Recordgen',29,196.33,4,6),(117,'Bodygen',23,127.51,7,2),(118,'Wronggen',5,203.70,1,1),(119,'Unitgen',25,139.04,3,6),(120,'Centergen',17,150.07,9,2),(121,'Everythinggen',30,257.53,8,2),(122,'Businessgen',26,150.10,9,5),(123,'Voicegen',20,108.84,8,5),(124,'Bothgen',27,221.40,9,4),(125,'Situationgen',27,273.92,8,2),(126,'Ongen',24,261.22,8,3),(127,'Clearlygen',25,89.23,11,3),(128,'Expertgen',25,237.75,8,6),(129,'Fathergen',8,96.89,2,6),(130,'Pointgen',10,85.66,6,3),(131,'Developgen',29,171.24,3,2),(132,'Seriesgen',8,127.25,3,6),(133,'Gungen',7,37.98,7,3),(134,'Democratgen',18,150.46,1,2),(135,'Rightgen',27,137.64,10,6),(136,'Protectgen',1,259.88,10,4),(137,'Tonightgen',16,21.65,6,3),(138,'Everythinggen',25,129.20,7,5),(139,'Mouthgen',24,225.70,10,2),(140,'Middlegen',16,81.44,7,4),(141,'Entergen',1,128.88,11,6),(142,'Westerngen',26,133.21,3,4),(143,'Whatevergen',30,55.74,10,5),(144,'Throughoutgen',1,273.94,10,5),(145,'Approachgen',22,27.59,11,4),(146,'Bestgen',5,262.72,3,1),(147,'Protectgen',9,126.15,4,4),(148,'Landgen',11,114.50,7,3),(149,'Themselvesgen',25,286.34,7,3),(150,'Factorgen',27,42.93,1,6),(151,'Anothergen',18,34.58,6,2),(152,'Aboutgen',21,39.21,11,1),(153,'Goalgen',25,28.69,4,2),(154,'Spendgen',27,25.71,3,2),(155,'Casegen',5,152.60,2,5),(156,'Publicgen',7,150.21,5,3),(157,'Everybodygen',6,189.65,12,6),(158,'Colorgen',4,237.78,3,3),(159,'Sitegen',4,182.03,5,5),(160,'Lettergen',22,274.25,7,4),(161,'Okgen',23,75.53,10,6),(162,'Seasongen',27,195.63,2,6),(163,'Lategen',25,104.44,11,5),(164,'Optiongen',26,53.90,10,1),(165,'Actgen',12,169.17,11,3),(166,'Brothergen',3,161.67,6,1),(167,'Baggen',28,137.62,8,1),(168,'Yougen',14,289.02,11,4),(169,'Usegen',23,62.84,3,6),(170,'Rockgen',17,290.33,5,5),(171,'Wellgen',26,277.49,8,4),(172,'Churchgen',14,251.21,10,3),(173,'Offergen',11,258.48,2,3),(174,'Alsogen',29,146.22,8,5),(175,'Theygen',20,207.09,6,1),(176,'Hopegen',16,258.27,3,4),(177,'Passgen',7,119.35,5,3),(178,'Oldgen',9,266.49,12,3),(179,'Choosegen',18,22.84,4,1),(180,'Lawgen',8,221.62,8,5);
/*!40000 ALTER TABLE `medicine_generic` ENABLE KEYS */;
UNLOCK TABLES;

--
-- Table structure for table `pharmacy`
--

DROP TABLE IF EXISTS `pharmacy`;
/*!40101 SET @saved_cs_client     = @@character_set_client */;
/*!50503 SET character_set_client = utf8mb4 */;
CREATE TABLE `pharmacy` (
  `pharmacy_id` int NOT NULL AUTO_INCREMENT,
  `name` varchar(150) DEFAULT NULL,
  `location` varchar(200) DEFAULT NULL,
  `type` varchar(20) DEFAULT NULL,
  PRIMARY KEY (`pharmacy_id`)
) ENGINE=InnoDB AUTO_INCREMENT=26 DEFAULT CHARSET=utf8mb4 COLLATE=utf8mb4_0900_ai_ci;
/*!40101 SET character_set_client = @saved_cs_client */;

--
-- Dumping data for table `pharmacy`
--

LOCK TABLES `pharmacy` WRITE;
/*!40000 ALTER TABLE `pharmacy` DISABLE KEYS */;
INSERT INTO `pharmacy` VALUES (1,'Bryant Group Pharmacy','Stephaniemouth','govt'),(2,'Briggs, Mcclain and Simmons Pharmacy','Merrittfort','govt'),(3,'Green-Wright Pharmacy','Katiehaven','private'),(4,'Sims-Hill Pharmacy','Lake Justinview','private'),(5,'Flores-Fernandez Pharmacy','East Jesse','govt'),(6,'Hernandez, Lewis and Perry Pharmacy','Amychester','govt'),(7,'Clark Group Pharmacy','Steinshire','govt'),(8,'Smith, Gilmore and Johnston Pharmacy','Smithstad','govt'),(9,'Molina-Castaneda Pharmacy','Medinaside','govt'),(10,'Hurst, Freeman and Nelson Pharmacy','Johnsonmouth','private'),(11,'Shelton, Powell and Martin Pharmacy','Calhounside','govt'),(12,'Meadows PLC Pharmacy','North Dawnberg','govt'),(13,'White-Green Pharmacy','Jasonmouth','govt'),(14,'Juarez-Gray Pharmacy','Kingland','private'),(15,'Smith-Ryan Pharmacy','Jeffreyland','govt'),(16,'Williams, Johnson and Wright Pharmacy','New Elijahberg','govt'),(17,'Caldwell-Elliott Pharmacy','South Holly','govt'),(18,'Jackson-Lawson Pharmacy','Port Loriport','private'),(19,'Lane LLC Pharmacy','Sandersborough','private'),(20,'Vargas Ltd Pharmacy','North Heidi','govt'),(21,'Jefferson-Burke Pharmacy','Port Tonyaton','govt'),(22,'Patel-Stanley Pharmacy','New Deborahtown','private'),(23,'Short-Garcia Pharmacy','Cynthiamouth','private'),(24,'Hernandez, Thompson and Boyd Pharmacy','Christinaside','private'),(25,'Marshall-Petersen Pharmacy','Marcusbury','govt');
/*!40000 ALTER TABLE `pharmacy` ENABLE KEYS */;
UNLOCK TABLES;

--
-- Table structure for table `price_history`
--

DROP TABLE IF EXISTS `price_history`;
/*!40101 SET @saved_cs_client     = @@character_set_client */;
/*!50503 SET character_set_client = utf8mb4 */;
CREATE TABLE `price_history` (
  `price_id` int NOT NULL AUTO_INCREMENT,
  `medicine_type` enum('brand','generic') DEFAULT NULL,
  `medicine_id` int DEFAULT NULL,
  `old_price` decimal(10,2) DEFAULT NULL,
  `new_price` decimal(10,2) DEFAULT NULL,
  `change_date` date DEFAULT NULL,
  PRIMARY KEY (`price_id`)
) ENGINE=InnoDB DEFAULT CHARSET=utf8mb4 COLLATE=utf8mb4_0900_ai_ci;
/*!40101 SET character_set_client = @saved_cs_client */;

--
-- Dumping data for table `price_history`
--

LOCK TABLES `price_history` WRITE;
/*!40000 ALTER TABLE `price_history` DISABLE KEYS */;
/*!40000 ALTER TABLE `price_history` ENABLE KEYS */;
UNLOCK TABLES;

--
-- Table structure for table `sales_log`
--

DROP TABLE IF EXISTS `sales_log`;
/*!40101 SET @saved_cs_client     = @@character_set_client */;
/*!50503 SET character_set_client = utf8mb4 */;
CREATE TABLE `sales_log` (
  `sale_id` int NOT NULL AUTO_INCREMENT,
  `pharmacy_id` int DEFAULT NULL,
  `medicine_type` enum('brand','generic') DEFAULT NULL,
  `medicine_id` int DEFAULT NULL,
  `quantity` int DEFAULT NULL,
  `sale_date` date DEFAULT NULL,
  PRIMARY KEY (`sale_id`),
  KEY `pharmacy_id` (`pharmacy_id`),
  CONSTRAINT `sales_log_ibfk_1` FOREIGN KEY (`pharmacy_id`) REFERENCES `pharmacy` (`pharmacy_id`)
) ENGINE=InnoDB DEFAULT CHARSET=utf8mb4 COLLATE=utf8mb4_0900_ai_ci;
/*!40101 SET character_set_client = @saved_cs_client */;

--
-- Dumping data for table `sales_log`
--

LOCK TABLES `sales_log` WRITE;
/*!40000 ALTER TABLE `sales_log` DISABLE KEYS */;
/*!40000 ALTER TABLE `sales_log` ENABLE KEYS */;
UNLOCK TABLES;

--
-- Table structure for table `sideeffects`
--

DROP TABLE IF EXISTS `sideeffects`;
/*!40101 SET @saved_cs_client     = @@character_set_client */;
/*!50503 SET character_set_client = utf8mb4 */;
CREATE TABLE `sideeffects` (
  `side_effect_id` int NOT NULL AUTO_INCREMENT,
  `medicine_type` enum('brand','generic') DEFAULT NULL,
  `medicine_id` int DEFAULT NULL,
  `description` text,
  PRIMARY KEY (`side_effect_id`)
) ENGINE=InnoDB DEFAULT CHARSET=utf8mb4 COLLATE=utf8mb4_0900_ai_ci;
/*!40101 SET character_set_client = @saved_cs_client */;

--
-- Dumping data for table `sideeffects`
--

LOCK TABLES `sideeffects` WRITE;
/*!40000 ALTER TABLE `sideeffects` DISABLE KEYS */;
/*!40000 ALTER TABLE `sideeffects` ENABLE KEYS */;
UNLOCK TABLES;

--
-- Table structure for table `supplier`
--

DROP TABLE IF EXISTS `supplier`;
/*!40101 SET @saved_cs_client     = @@character_set_client */;
/*!50503 SET character_set_client = utf8mb4 */;
CREATE TABLE `supplier` (
  `supplier_id` int NOT NULL AUTO_INCREMENT,
  `name` varchar(150) DEFAULT NULL,
  `contact` varchar(100) DEFAULT NULL,
  PRIMARY KEY (`supplier_id`)
) ENGINE=InnoDB AUTO_INCREMENT=13 DEFAULT CHARSET=utf8mb4 COLLATE=utf8mb4_0900_ai_ci;
/*!40101 SET character_set_client = @saved_cs_client */;

--
-- Dumping data for table `supplier`
--

LOCK TABLES `supplier` WRITE;
/*!40000 ALTER TABLE `supplier` DISABLE KEYS */;
INSERT INTO `supplier` VALUES (1,'Ramirez Group','479.996.5075'),(2,'Kelly LLC','949-948-0831x36783'),(3,'Mcguire-Davis','763.849.5788'),(4,'Pierce, Bell and Chavez','643-313-5182x3374'),(5,'Phillips LLC','(640)482-4008'),(6,'Oneill, Henry and Salas','001-947-377-5204'),(7,'Morales Inc','001-802-529-4131'),(8,'James, Kerr and Evans','001-564-699-0913'),(9,'Miller, Allen and Arnold','(606)679-7403'),(10,'Heath, Jones and Hall','493-661-8324x210'),(11,'Curry, Carroll and Roberts','374-264-8877'),(12,'Navarro-Munoz','4139990490');
/*!40000 ALTER TABLE `supplier` ENABLE KEYS */;
UNLOCK TABLES;

--
-- Table structure for table `supply_log`
--

DROP TABLE IF EXISTS `supply_log`;
/*!40101 SET @saved_cs_client     = @@character_set_client */;
/*!50503 SET character_set_client = utf8mb4 */;
CREATE TABLE `supply_log` (
  `supply_id` int NOT NULL AUTO_INCREMENT,
  `supplier_id` int DEFAULT NULL,
  `pharmacy_id` int DEFAULT NULL,
  `medicine_type` enum('brand','generic') DEFAULT NULL,
  `medicine_id` int DEFAULT NULL,
  `quantity` int DEFAULT NULL,
  `supply_date` date DEFAULT NULL,
  PRIMARY KEY (`supply_id`),
  KEY `supplier_id` (`supplier_id`),
  KEY `pharmacy_id` (`pharmacy_id`),
  CONSTRAINT `supply_log_ibfk_1` FOREIGN KEY (`supplier_id`) REFERENCES `supplier` (`supplier_id`),
  CONSTRAINT `supply_log_ibfk_2` FOREIGN KEY (`pharmacy_id`) REFERENCES `pharmacy` (`pharmacy_id`)
) ENGINE=InnoDB DEFAULT CHARSET=utf8mb4 COLLATE=utf8mb4_0900_ai_ci;
/*!40101 SET character_set_client = @saved_cs_client */;

--
-- Dumping data for table `supply_log`
--

LOCK TABLES `supply_log` WRITE;
/*!40000 ALTER TABLE `supply_log` DISABLE KEYS */;
/*!40000 ALTER TABLE `supply_log` ENABLE KEYS */;
UNLOCK TABLES;
/*!40103 SET TIME_ZONE=@OLD_TIME_ZONE */;

/*!40101 SET SQL_MODE=@OLD_SQL_MODE */;
/*!40014 SET FOREIGN_KEY_CHECKS=@OLD_FOREIGN_KEY_CHECKS */;
/*!40014 SET UNIQUE_CHECKS=@OLD_UNIQUE_CHECKS */;
/*!40101 SET CHARACTER_SET_CLIENT=@OLD_CHARACTER_SET_CLIENT */;
/*!40101 SET CHARACTER_SET_RESULTS=@OLD_CHARACTER_SET_RESULTS */;
/*!40101 SET COLLATION_CONNECTION=@OLD_COLLATION_CONNECTION */;
/*!40111 SET SQL_NOTES=@OLD_SQL_NOTES */;

-- Dump completed on 2025-11-04 11:16:56
